date,areaName,admissions,admissionsRollingRate,patients,patientsMv,cumAdmissionsByAge
2021-01-05,South East,,0,4379,364,
2021-01-04,South East,,0,4730,356,
2021-01-03,South East,665,42.700000000000002842,4501,346,"[{'age': '65_to_84', 'rate': 868.4, 'value': 12800}, {'age': '18_to_64', 'rate': 199.5, 'value': 10460}, {'age': '85+', 'rate': 3127.3, 'value': 7765}, {'age': '0_to_5', 'rate': 30.5, 'value': 188}, {'age': '6_to_17', 'rate': 12.6, 'value': 160}]"
2021-01-02,South East,591,41,4231,333,"[{'age': '65_to_84', 'rate': 851.7, 'value': 12554}, {'age': '18_to_64', 'rate': 194.7, 'value': 10207}, {'age': '85+', 'rate': 3063.3, 'value': 7606}, {'age': '0_to_5', 'rate': 30.0, 'value': 185}, {'age': '6_to_17', 'rate': 12.3, 'value': 156}]"
2021-01-01,South East,638,39.100000000000001421,4034,324,"[{'age': '65_to_84', 'rate': 836.0, 'value': 12322}, {'age': '18_to_64', 'rate': 190.4, 'value': 9985}, {'age': '85+', 'rate': 3010.9, 'value': 7476}, {'age': '0_to_5', 'rate': 29.5, 'value': 182}, {'age': '6_to_17', 'rate': 12.0, 'value': 152}]"
2020-12-31,South East,404,35.600000000000001421,4022,301,"[{'age': '65_to_84', 'rate': 818.5, 'value': 12065}, {'age': '18_to_64', 'rate': 186.0, 'value': 9751}, {'age': '85+', 'rate': 2952.5, 'value': 7331}, {'age': '0_to_5', 'rate': 29.5, 'value': 182}, {'age': '6_to_17', 'rate': 11.8, 'value': 150}]"
2020-12-30,South East,552,34.700000000000002842,3949,290,"[{'age': '65_to_84', 'rate': 807.7, 'value': 11906}, {'age': '18_to_64', 'rate': 183.0, 'value': 9595}, {'age': '85+', 'rate': 2917.9, 'value': 7245}, {'age': '0_to_5', 'rate': 29.0, 'value': 179}, {'age': '6_to_17', 'rate': 11.8, 'value': 150}]"
2020-12-29,South East,504,32.100000000000001421,3796,284,"[{'age': '65_to_84', 'rate': 793.6, 'value': 11698}, {'age': '18_to_64', 'rate': 179.1, 'value': 9392}, {'age': '85+', 'rate': 2864.7, 'value': 7113}, {'age': '0_to_5', 'rate': 28.4, 'value': 175}, {'age': '6_to_17', 'rate': 11.4, 'value': 145}]"
2020-12-28,South East,423,30.5,3544,258,"[{'age': '65_to_84', 'rate': 780.3, 'value': 11502}, {'age': '18_to_64', 'rate': 175.1, 'value': 9181}, {'age': '85+', 'rate': 2827.7, 'value': 7021}, {'age': '0_to_5', 'rate': 27.7, 'value': 171}, {'age': '6_to_17', 'rate': 11.3, 'value': 144}]"
2020-12-27,South East,515,29.800000000000000711,3370,247,"[{'age': '65_to_84', 'rate': 770.3, 'value': 11354}, {'age': '18_to_64', 'rate': 171.9, 'value': 9013}, {'age': '85+', 'rate': 2788.2, 'value': 6923}, {'age': '0_to_5', 'rate': 26.9, 'value': 166}, {'age': '6_to_17', 'rate': 11.0, 'value': 140}]"
2020-12-26,South East,421,27.899999999999998579,3126,229,"[{'age': '65_to_84', 'rate': 757.1, 'value': 11159}, {'age': '18_to_64', 'rate': 167.9, 'value': 8802}, {'age': '85+', 'rate': 2747.1, 'value': 6821}, {'age': '0_to_5', 'rate': 26.1, 'value': 161}, {'age': '6_to_17', 'rate': 10.9, 'value': 138}]"
2020-12-25,South East,329,27.399999999999998579,2925,220,"[{'age': '65_to_84', 'rate': 746.1, 'value': 10998}, {'age': '18_to_64', 'rate': 164.9, 'value': 8647}, {'age': '85+', 'rate': 2706.1, 'value': 6719}, {'age': '0_to_5', 'rate': 26.0, 'value': 160}, {'age': '6_to_17', 'rate': 10.7, 'value': 136}]"
2020-12-24,South East,327,27.100000000000001421,2997,217,"[{'age': '65_to_84', 'rate': 737.7, 'value': 10874}, {'age': '18_to_64', 'rate': 162.5, 'value': 8523}, {'age': '85+', 'rate': 2673.4, 'value': 6638}, {'age': '0_to_5', 'rate': 26.0, 'value': 160}, {'age': '6_to_17', 'rate': 10.7, 'value': 136}]"
2020-12-23,South East,321,26.899999999999998579,2868,209,"[{'age': '65_to_84', 'rate': 729.1, 'value': 10747}, {'age': '18_to_64', 'rate': 160.3, 'value': 8408}, {'age': '85+', 'rate': 2640.0, 'value': 6555}, {'age': '0_to_5', 'rate': 25.8, 'value': 159}, {'age': '6_to_17', 'rate': 10.6, 'value': 135}]"
2020-12-22,South East,368,27,2848,197,"[{'age': '65_to_84', 'rate': 720.7, 'value': 10623}, {'age': '18_to_64', 'rate': 158.1, 'value': 8290}, {'age': '85+', 'rate': 2609.0, 'value': 6478}, {'age': '0_to_5', 'rate': 25.5, 'value': 157}, {'age': '6_to_17', 'rate': 10.6, 'value': 135}]"
2020-12-21,South East,354,25.899999999999998579,2749,196,"[{'age': '65_to_84', 'rate': 710.9, 'value': 10479}, {'age': '18_to_64', 'rate': 155.3, 'value': 8143}, {'age': '85+', 'rate': 2580.4, 'value': 6407}, {'age': '0_to_5', 'rate': 24.7, 'value': 152}, {'age': '6_to_17', 'rate': 10.6, 'value': 134}]"
2020-12-20,South East,347,24.800000000000000711,2554,183,"[{'age': '65_to_84', 'rate': 702.2, 'value': 10351}, {'age': '18_to_64', 'rate': 152.6, 'value': 8004}, {'age': '85+', 'rate': 2548.2, 'value': 6327}, {'age': '0_to_5', 'rate': 24.0, 'value': 148}, {'age': '6_to_17', 'rate': 10.3, 'value': 131}]"
2020-12-19,South East,379,23.800000000000000711,2321,168,"[{'age': '65_to_84', 'rate': 693.6, 'value': 10224}, {'age': '18_to_64', 'rate': 150.0, 'value': 7864}, {'age': '85+', 'rate': 2519.2, 'value': 6255}, {'age': '0_to_5', 'rate': 23.9, 'value': 147}, {'age': '6_to_17', 'rate': 9.8, 'value': 124}]"
2020-12-18,South East,300,22.399999999999998579,2372,165,"[{'age': '65_to_84', 'rate': 683.9, 'value': 10080}, {'age': '18_to_64', 'rate': 147.3, 'value': 7723}, {'age': '85+', 'rate': 2482.9, 'value': 6165}, {'age': '0_to_5', 'rate': 23.4, 'value': 144}, {'age': '6_to_17', 'rate': 9.7, 'value': 123}]"
2020-12-17,South East,309,21.699999999999999289,2282,159,"[{'age': '65_to_84', 'rate': 676.1, 'value': 9966}, {'age': '18_to_64', 'rate': 145.4, 'value': 7623}, {'age': '85+', 'rate': 2451.1, 'value': 6086}, {'age': '0_to_5', 'rate': 22.6, 'value': 139}, {'age': '6_to_17', 'rate': 9.5, 'value': 121}]"
2020-12-16,South East,337,21.100000000000001421,2195,151,"[{'age': '65_to_84', 'rate': 668.6, 'value': 9855}, {'age': '18_to_64', 'rate': 143.4, 'value': 7517}, {'age': '85+', 'rate': 2414.9, 'value': 5996}, {'age': '0_to_5', 'rate': 22.6, 'value': 139}, {'age': '6_to_17', 'rate': 9.4, 'value': 119}]"
2020-12-15,South East,271,19.899999999999998579,2141,150,"[{'age': '65_to_84', 'rate': 659.4, 'value': 9719}, {'age': '18_to_64', 'rate': 141.2, 'value': 7404}, {'age': '85+', 'rate': 2382.6, 'value': 5916}, {'age': '0_to_5', 'rate': 21.9, 'value': 135}, {'age': '6_to_17', 'rate': 9.1, 'value': 115}]"
2020-12-14,South East,249,19.199999999999999289,2118,143,"[{'age': '65_to_84', 'rate': 652.9, 'value': 9623}, {'age': '18_to_64', 'rate': 139.6, 'value': 7320}, {'age': '85+', 'rate': 2346.8, 'value': 5827}, {'age': '0_to_5', 'rate': 21.9, 'value': 135}, {'age': '6_to_17', 'rate': 8.9, 'value': 113}]"
2020-12-13,South East,258,18.699999999999999289,1975,125,"[{'age': '65_to_84', 'rate': 646.0, 'value': 9522}, {'age': '18_to_64', 'rate': 138.3, 'value': 7254}, {'age': '85+', 'rate': 2315.8, 'value': 5750}, {'age': '0_to_5', 'rate': 21.6, 'value': 133}, {'age': '6_to_17', 'rate': 8.7, 'value': 110}]"
2020-12-12,South East,262,18,1945,125,"[{'age': '65_to_84', 'rate': 639.8, 'value': 9430}, {'age': '18_to_64', 'rate': 136.8, 'value': 7171}, {'age': '85+', 'rate': 2283.6, 'value': 5670}, {'age': '0_to_5', 'rate': 21.4, 'value': 132}, {'age': '6_to_17', 'rate': 8.5, 'value': 108}]"
2020-12-11,South East,235,17.100000000000001421,1859,120,"[{'age': '65_to_84', 'rate': 632.4, 'value': 9321}, {'age': '18_to_64', 'rate': 135.5, 'value': 7103}, {'age': '85+', 'rate': 2251.4, 'value': 5590}, {'age': '0_to_5', 'rate': 20.6, 'value': 127}, {'age': '6_to_17', 'rate': 8.5, 'value': 108}]"
2020-12-10,South East,259,16.399999999999998579,1796,120,"[{'age': '65_to_84', 'rate': 626.6, 'value': 9236}, {'age': '18_to_64', 'rate': 134.0, 'value': 7027}, {'age': '85+', 'rate': 2222.4, 'value': 5518}, {'age': '0_to_5', 'rate': 20.4, 'value': 126}, {'age': '6_to_17', 'rate': 8.4, 'value': 107}]"
2020-12-09,South East,232,15.900000000000000355,1726,119,"[{'age': '65_to_84', 'rate': 619.1, 'value': 9126}, {'age': '18_to_64', 'rate': 132.7, 'value': 6959}, {'age': '85+', 'rate': 2190.9, 'value': 5440}, {'age': '0_to_5', 'rate': 20.3, 'value': 125}, {'age': '6_to_17', 'rate': 8.3, 'value': 105}]"
2020-12-08,South East,203,15.300000000000000711,1692,113,"[{'age': '65_to_84', 'rate': 613.7, 'value': 9046}, {'age': '18_to_64', 'rate': 131.4, 'value': 6892}, {'age': '85+', 'rate': 2157.1, 'value': 5356}, {'age': '0_to_5', 'rate': 20.3, 'value': 125}, {'age': '6_to_17', 'rate': 8.2, 'value': 104}]"
2020-12-07,South East,204,14.5,1619,107,"[{'age': '65_to_84', 'rate': 607.8, 'value': 8959}, {'age': '18_to_64', 'rate': 130.2, 'value': 6827}, {'age': '85+', 'rate': 2137.8, 'value': 5308}, {'age': '0_to_5', 'rate': 20.0, 'value': 123}, {'age': '6_to_17', 'rate': 8.1, 'value': 103}]"
2020-12-06,South East,195,13.900000000000000355,1549,105,"[{'age': '65_to_84', 'rate': 601.6, 'value': 8868}, {'age': '18_to_64', 'rate': 129.2, 'value': 6774}, {'age': '85+', 'rate': 2114.8, 'value': 5251}, {'age': '0_to_5', 'rate': 19.8, 'value': 122}, {'age': '6_to_17', 'rate': 8.0, 'value': 101}]"
2020-12-05,South East,187,13.5,1496,109,"[{'age': '65_to_84', 'rate': 595.1, 'value': 8772}, {'age': '18_to_64', 'rate': 128.4, 'value': 6734}, {'age': '85+', 'rate': 2091.5, 'value': 5193}, {'age': '0_to_5', 'rate': 19.8, 'value': 122}, {'age': '6_to_17', 'rate': 7.9, 'value': 100}]"
2020-12-04,South East,175,13.099999999999999645,1426,107,"[{'age': '65_to_84', 'rate': 590.4, 'value': 8703}, {'age': '18_to_64', 'rate': 127.4, 'value': 6678}, {'age': '85+', 'rate': 2067.3, 'value': 5133}, {'age': '0_to_5', 'rate': 19.6, 'value': 121}, {'age': '6_to_17', 'rate': 7.8, 'value': 99}]"
2020-12-03,South East,208,12.5,1442,110,"[{'age': '65_to_84', 'rate': 585.9, 'value': 8636}, {'age': '18_to_64', 'rate': 126.3, 'value': 6625}, {'age': '85+', 'rate': 2046.8, 'value': 5082}, {'age': '0_to_5', 'rate': 19.5, 'value': 120}, {'age': '6_to_17', 'rate': 7.6, 'value': 96}]"
2020-12-02,South East,179,11.699999999999999289,1481,117,"[{'age': '65_to_84', 'rate': 580.1, 'value': 8550}, {'age': '18_to_64', 'rate': 125.0, 'value': 6556}, {'age': '85+', 'rate': 2026.2, 'value': 5031}, {'age': '0_to_5', 'rate': 19.3, 'value': 119}, {'age': '6_to_17', 'rate': 7.5, 'value': 95}]"
2020-12-01,South East,134,11.599999999999999645,1423,118,"[{'age': '65_to_84', 'rate': 575.9, 'value': 8489}, {'age': '18_to_64', 'rate': 123.9, 'value': 6496}, {'age': '85+', 'rate': 2004.9, 'value': 4978}, {'age': '0_to_5', 'rate': 19.3, 'value': 119}, {'age': '6_to_17', 'rate': 7.1, 'value': 90}]"
2020-11-30,South East,152,11.699999999999999289,1494,120,"[{'age': '65_to_84', 'rate': 572.0, 'value': 8431}, {'age': '18_to_64', 'rate': 123.1, 'value': 6454}, {'age': '85+', 'rate': 1992.8, 'value': 4948}, {'age': '0_to_5', 'rate': 19.3, 'value': 119}, {'age': '6_to_17', 'rate': 6.8, 'value': 86}]"
2020-11-29,South East,164,11.800000000000000711,1430,111,"[{'age': '65_to_84', 'rate': 567.3, 'value': 8362}, {'age': '18_to_64', 'rate': 122.3, 'value': 6415}, {'age': '85+', 'rate': 1975.5, 'value': 4905}, {'age': '0_to_5', 'rate': 19.1, 'value': 118}, {'age': '6_to_17', 'rate': 6.8, 'value': 86}]"
2020-11-28,South East,147,11.599999999999999645,1420,115,"[{'age': '65_to_84', 'rate': 563.6, 'value': 8307}, {'age': '18_to_64', 'rate': 121.3, 'value': 6360}, {'age': '85+', 'rate': 1954.1, 'value': 4852}, {'age': '0_to_5', 'rate': 19.1, 'value': 118}, {'age': '6_to_17', 'rate': 6.7, 'value': 85}]"
2020-11-27,South East,124,11.900000000000000355,1429,113,"[{'age': '65_to_84', 'rate': 559.3, 'value': 8244}, {'age': '18_to_64', 'rate': 120.5, 'value': 6319}, {'age': '85+', 'rate': 1937.2, 'value': 4810}, {'age': '0_to_5', 'rate': 19.1, 'value': 118}, {'age': '6_to_17', 'rate': 6.6, 'value': 84}]"
2020-11-26,South East,136,12.099999999999999645,1397,110,"[{'age': '65_to_84', 'rate': 556.0, 'value': 8196}, {'age': '18_to_64', 'rate': 119.7, 'value': 6275}, {'age': '85+', 'rate': 1925.5, 'value': 4781}, {'age': '0_to_5', 'rate': 18.8, 'value': 116}, {'age': '6_to_17', 'rate': 6.5, 'value': 83}]"
2020-11-25,South East,166,12.800000000000000711,1437,114,"[{'age': '65_to_84', 'rate': 552.0, 'value': 8136}, {'age': '18_to_64', 'rate': 118.8, 'value': 6231}, {'age': '85+', 'rate': 1914.3, 'value': 4753}, {'age': '0_to_5', 'rate': 18.7, 'value': 115}, {'age': '6_to_17', 'rate': 6.3, 'value': 80}]"
2020-11-24,South East,148,12.800000000000000711,1403,111,"[{'age': '65_to_84', 'rate': 546.7, 'value': 8058}, {'age': '18_to_64', 'rate': 117.8, 'value': 6177}, {'age': '85+', 'rate': 1901.4, 'value': 4721}, {'age': '0_to_5', 'rate': 18.5, 'value': 114}, {'age': '6_to_17', 'rate': 6.2, 'value': 79}]"
2020-11-23,South East,158,12.699999999999999289,1395,97,"[{'age': '65_to_84', 'rate': 542.9, 'value': 8002}, {'age': '18_to_64', 'rate': 116.8, 'value': 6127}, {'age': '85+', 'rate': 1885.3, 'value': 4681}, {'age': '0_to_5', 'rate': 18.5, 'value': 114}, {'age': '6_to_17', 'rate': 6.1, 'value': 77}]"
2020-11-22,South East,144,12.5,1313,96,"[{'age': '65_to_84', 'rate': 538.5, 'value': 7937}, {'age': '18_to_64', 'rate': 115.9, 'value': 6077}, {'age': '85+', 'rate': 1870.0, 'value': 4643}, {'age': '0_to_5', 'rate': 18.3, 'value': 113}, {'age': '6_to_17', 'rate': 5.7, 'value': 73}]"
2020-11-21,South East,174,12.400000000000000355,1300,96,"[{'age': '65_to_84', 'rate': 535.0, 'value': 7886}, {'age': '18_to_64', 'rate': 115.0, 'value': 6029}, {'age': '85+', 'rate': 1852.6, 'value': 4600}, {'age': '0_to_5', 'rate': 18.2, 'value': 112}, {'age': '6_to_17', 'rate': 5.7, 'value': 72}]"
2020-11-20,South East,145,11.900000000000000355,1272,94,"[{'age': '65_to_84', 'rate': 530.5, 'value': 7819}, {'age': '18_to_64', 'rate': 114.0, 'value': 5976}, {'age': '85+', 'rate': 1833.3, 'value': 4552}, {'age': '0_to_5', 'rate': 17.9, 'value': 110}, {'age': '6_to_17', 'rate': 5.4, 'value': 68}]"
2020-11-19,South East,201,11.300000000000000711,1246,96,"[{'age': '65_to_84', 'rate': 525.9, 'value': 7752}, {'age': '18_to_64', 'rate': 113.3, 'value': 5941}, {'age': '85+', 'rate': 1816.0, 'value': 4509}, {'age': '0_to_5', 'rate': 17.9, 'value': 110}, {'age': '6_to_17', 'rate': 5.4, 'value': 68}]"
2020-11-18,South East,164,11.099999999999999645,1227,93,"[{'age': '65_to_84', 'rate': 520.1, 'value': 7666}, {'age': '18_to_64', 'rate': 112.3, 'value': 5887}, {'age': '85+', 'rate': 1792.2, 'value': 4450}, {'age': '0_to_5', 'rate': 17.5, 'value': 108}, {'age': '6_to_17', 'rate': 5.4, 'value': 68}]"
2020-11-17,South East,141,10.900000000000000355,1205,88,"[{'age': '65_to_84', 'rate': 514.8, 'value': 7588}, {'age': '18_to_64', 'rate': 111.3, 'value': 5836}, {'age': '85+', 'rate': 1778.5, 'value': 4416}, {'age': '0_to_5', 'rate': 17.5, 'value': 108}, {'age': '6_to_17', 'rate': 5.3, 'value': 67}]"
2020-11-16,South East,139,10.599999999999999645,1182,82,"[{'age': '65_to_84', 'rate': 510.5, 'value': 7524}, {'age': '18_to_64', 'rate': 110.3, 'value': 5786}, {'age': '85+', 'rate': 1767.7, 'value': 4389}, {'age': '0_to_5', 'rate': 17.5, 'value': 108}, {'age': '6_to_17', 'rate': 5.3, 'value': 67}]"
2020-11-15,South East,130,10.599999999999999645,1173,83,"[{'age': '65_to_84', 'rate': 506.2, 'value': 7461}, {'age': '18_to_64', 'rate': 109.6, 'value': 5747}, {'age': '85+', 'rate': 1754.0, 'value': 4355}, {'age': '0_to_5', 'rate': 17.2, 'value': 106}, {'age': '6_to_17', 'rate': 5.2, 'value': 66}]"
2020-11-14,South East,132,10.699999999999999289,1122,84,"[{'age': '65_to_84', 'rate': 502.8, 'value': 7411}, {'age': '18_to_64', 'rate': 108.8, 'value': 5707}, {'age': '85+', 'rate': 1738.7, 'value': 4317}, {'age': '0_to_5', 'rate': 17.2, 'value': 106}, {'age': '6_to_17', 'rate': 5.0, 'value': 64}]"
2020-11-13,South East,97,10.900000000000000355,1066,86,"[{'age': '65_to_84', 'rate': 499.7, 'value': 7365}, {'age': '18_to_64', 'rate': 107.8, 'value': 5653}, {'age': '85+', 'rate': 1726.6, 'value': 4287}, {'age': '0_to_5', 'rate': 17.0, 'value': 105}, {'age': '6_to_17', 'rate': 5.0, 'value': 63}]"
2020-11-12,South East,181,11,967,58,"[{'age': '65_to_84', 'rate': 496.6, 'value': 7320}, {'age': '18_to_64', 'rate': 107.2, 'value': 5623}, {'age': '85+', 'rate': 1718.5, 'value': 4267}, {'age': '0_to_5', 'rate': 16.7, 'value': 103}, {'age': '6_to_17', 'rate': 5.0, 'value': 63}]"
2020-11-11,South East,149,10.5,1011,60,"[{'age': '65_to_84', 'rate': 490.8, 'value': 7235}, {'age': '18_to_64', 'rate': 106.3, 'value': 5575}, {'age': '85+', 'rate': 1701.6, 'value': 4225}, {'age': '0_to_5', 'rate': 15.9, 'value': 98}, {'age': '6_to_17', 'rate': 4.9, 'value': 62}]"
2020-11-10,South East,110,10.099999999999999645,958,52,"[{'age': '65_to_84', 'rate': 486.0, 'value': 7164}, {'age': '18_to_64', 'rate': 105.6, 'value': 5535}, {'age': '85+', 'rate': 1687.5, 'value': 4190}, {'age': '0_to_5', 'rate': 15.4, 'value': 95}, {'age': '6_to_17', 'rate': 4.9, 'value': 62}]"
2020-11-09,South East,137,9.6999999999999992895,947,53,"[{'age': '65_to_84', 'rate': 482.7, 'value': 7115}, {'age': '18_to_64', 'rate': 105.0, 'value': 5504}, {'age': '85+', 'rate': 1676.2, 'value': 4162}, {'age': '0_to_5', 'rate': 15.1, 'value': 93}, {'age': '6_to_17', 'rate': 4.9, 'value': 62}]"
2020-11-08,South East,137,9.5,820,50,"[{'age': '65_to_84', 'rate': 478.7, 'value': 7056}, {'age': '18_to_64', 'rate': 104.1, 'value': 5461}, {'age': '85+', 'rate': 1663.7, 'value': 4131}, {'age': '0_to_5', 'rate': 14.4, 'value': 89}, {'age': '6_to_17', 'rate': 4.9, 'value': 62}]"
2020-11-07,South East,150,8.9000000000000003553,821,44,"[{'age': '65_to_84', 'rate': 474.2, 'value': 6990}, {'age': '18_to_64', 'rate': 103.4, 'value': 5422}, {'age': '85+', 'rate': 1651.7, 'value': 4101}, {'age': '0_to_5', 'rate': 14.3, 'value': 88}, {'age': '6_to_17', 'rate': 4.8, 'value': 61}]"
2020-11-06,South East,107,8.3000000000000007105,783,45,"[{'age': '65_to_84', 'rate': 470.0, 'value': 6928}, {'age': '18_to_64', 'rate': 102.5, 'value': 5375}, {'age': '85+', 'rate': 1636.0, 'value': 4062}, {'age': '0_to_5', 'rate': 14.3, 'value': 88}, {'age': '6_to_17', 'rate': 4.6, 'value': 59}]"
2020-11-05,South East,140,8.0999999999999996447,770,48,"[{'age': '65_to_84', 'rate': 467.1, 'value': 6885}, {'age': '18_to_64', 'rate': 101.7, 'value': 5335}, {'age': '85+', 'rate': 1627.1, 'value': 4040}, {'age': '0_to_5', 'rate': 14.1, 'value': 87}, {'age': '6_to_17', 'rate': 4.6, 'value': 58}]"
2020-11-04,South East,109,7.7000000000000001776,751,47,"[{'age': '65_to_84', 'rate': 463.2, 'value': 6828}, {'age': '18_to_64', 'rate': 101.1, 'value': 5301}, {'age': '85+', 'rate': 1607.4, 'value': 3991}, {'age': '0_to_5', 'rate': 14.1, 'value': 87}, {'age': '6_to_17', 'rate': 4.6, 'value': 58}]"
2020-11-03,South East,81,7.2999999999999998224,711,41,"[{'age': '65_to_84', 'rate': 459.8, 'value': 6778}, {'age': '18_to_64', 'rate': 100.6, 'value': 5273}, {'age': '85+', 'rate': 1595.3, 'value': 3961}, {'age': '0_to_5', 'rate': 14.0, 'value': 86}, {'age': '6_to_17', 'rate': 4.6, 'value': 58}]"
2020-11-02,South East,115,7.4000000000000003553,713,42,"[{'age': '65_to_84', 'rate': 457.3, 'value': 6741}, {'age': '18_to_64', 'rate': 100.2, 'value': 5254}, {'age': '85+', 'rate': 1586.0, 'value': 3938}, {'age': '0_to_5', 'rate': 13.8, 'value': 85}, {'age': '6_to_17', 'rate': 4.5, 'value': 57}]"
2020-11-01,South East,88,7,665,36,"[{'age': '65_to_84', 'rate': 454.0, 'value': 6692}, {'age': '18_to_64', 'rate': 99.5, 'value': 5220}, {'age': '85+', 'rate': 1575.1, 'value': 3911}, {'age': '0_to_5', 'rate': 13.1, 'value': 81}, {'age': '6_to_17', 'rate': 4.4, 'value': 56}]"
2020-10-31,South East,98,6.7999999999999998224,617,35,"[{'age': '65_to_84', 'rate': 451.6, 'value': 6657}, {'age': '18_to_64', 'rate': 99.0, 'value': 5193}, {'age': '85+', 'rate': 1565.5, 'value': 3887}, {'age': '0_to_5', 'rate': 13.0, 'value': 80}, {'age': '6_to_17', 'rate': 4.3, 'value': 55}]"
2020-10-30,South East,84,6.4000000000000003553,589,34,"[{'age': '65_to_84', 'rate': 448.7, 'value': 6614}, {'age': '18_to_64', 'rate': 98.5, 'value': 5163}, {'age': '85+', 'rate': 1555.8, 'value': 3863}, {'age': '0_to_5', 'rate': 13.0, 'value': 80}, {'age': '6_to_17', 'rate': 4.3, 'value': 54}]"
2020-10-29,South East,103,6.2999999999999998224,566,27,"[{'age': '65_to_84', 'rate': 446.5, 'value': 6582}, {'age': '18_to_64', 'rate': 97.9, 'value': 5132}, {'age': '85+', 'rate': 1547.8, 'value': 3843}, {'age': '0_to_5', 'rate': 13.0, 'value': 80}, {'age': '6_to_17', 'rate': 4.2, 'value': 53}]"
2020-10-28,South East,81,6,541,25,"[{'age': '65_to_84', 'rate': 443.6, 'value': 6539}, {'age': '18_to_64', 'rate': 97.3, 'value': 5102}, {'age': '85+', 'rate': 1536.1, 'value': 3814}, {'age': '0_to_5', 'rate': 13.0, 'value': 80}, {'age': '6_to_17', 'rate': 4.1, 'value': 52}]"
2020-10-27,South East,84,5.7999999999999998224,528,23,"[{'age': '65_to_84', 'rate': 441.5, 'value': 6508}, {'age': '18_to_64', 'rate': 96.7, 'value': 5072}, {'age': '85+', 'rate': 1528.0, 'value': 3794}, {'age': '0_to_5', 'rate': 13.0, 'value': 80}, {'age': '6_to_17', 'rate': 4.1, 'value': 52}]"
2020-10-26,South East,86,5.2999999999999998224,483,15,"[{'age': '65_to_84', 'rate': 438.8, 'value': 6468}, {'age': '18_to_64', 'rate': 96.2, 'value': 5044}, {'age': '85+', 'rate': 1522.0, 'value': 3779}, {'age': '0_to_5', 'rate': 13.0, 'value': 80}, {'age': '6_to_17', 'rate': 4.0, 'value': 51}]"
2020-10-25,South East,67,4.9000000000000003553,477,20,"[{'age': '65_to_84', 'rate': 436.6, 'value': 6436}, {'age': '18_to_64', 'rate': 95.5, 'value': 5008}, {'age': '85+', 'rate': 1515.1, 'value': 3762}, {'age': '0_to_5', 'rate': 12.8, 'value': 79}, {'age': '6_to_17', 'rate': 4.0, 'value': 51}]"
2020-10-24,South East,65,4.5999999999999996447,456,19,"[{'age': '65_to_84', 'rate': 434.7, 'value': 6408}, {'age': '18_to_64', 'rate': 95.1, 'value': 4989}, {'age': '85+', 'rate': 1507.5, 'value': 3743}, {'age': '0_to_5', 'rate': 12.7, 'value': 78}, {'age': '6_to_17', 'rate': 4.0, 'value': 51}]"
2020-10-23,South East,70,4.2000000000000001776,405,17,"[{'age': '65_to_84', 'rate': 433.2, 'value': 6385}, {'age': '18_to_64', 'rate': 94.8, 'value': 4969}, {'age': '85+', 'rate': 1499.0, 'value': 3722}, {'age': '0_to_5', 'rate': 12.5, 'value': 77}, {'age': '6_to_17', 'rate': 4.0, 'value': 51}]"
2020-10-22,South East,77,3.7999999999999998224,339,17,"[{'age': '65_to_84', 'rate': 431.2, 'value': 6356}, {'age': '18_to_64', 'rate': 94.3, 'value': 4946}, {'age': '85+', 'rate': 1491.8, 'value': 3704}, {'age': '0_to_5', 'rate': 12.5, 'value': 77}, {'age': '6_to_17', 'rate': 4.0, 'value': 51}]"
2020-10-21,South East,65,3.5,358,19,"[{'age': '65_to_84', 'rate': 429.3, 'value': 6328}, {'age': '18_to_64', 'rate': 93.9, 'value': 4926}, {'age': '85+', 'rate': 1480.1, 'value': 3675}, {'age': '0_to_5', 'rate': 12.5, 'value': 77}, {'age': '6_to_17', 'rate': 4.0, 'value': 51}]"
2020-10-20,South East,37,3.2000000000000001776,325,18,"[{'age': '65_to_84', 'rate': 427.1, 'value': 6296}, {'age': '18_to_64', 'rate': 93.6, 'value': 4907}, {'age': '85+', 'rate': 1475.3, 'value': 3663}, {'age': '0_to_5', 'rate': 12.2, 'value': 75}, {'age': '6_to_17', 'rate': 4.0, 'value': 51}]"
2020-10-19,South East,51,3.2999999999999998224,326,18,"[{'age': '65_to_84', 'rate': 426.0, 'value': 6279}, {'age': '18_to_64', 'rate': 93.4, 'value': 4898}, {'age': '85+', 'rate': 1471.2, 'value': 3653}, {'age': '0_to_5', 'rate': 12.2, 'value': 75}, {'age': '6_to_17', 'rate': 3.9, 'value': 50}]"
2020-10-18,South East,40,3.2000000000000001776,228,11,"[{'age': '65_to_84', 'rate': 424.9, 'value': 6263}, {'age': '18_to_64', 'rate': 93.1, 'value': 4882}, {'age': '85+', 'rate': 1464.4, 'value': 3636}, {'age': '0_to_5', 'rate': 11.8, 'value': 73}, {'age': '6_to_17', 'rate': 3.9, 'value': 50}]"
2020-10-17,South East,34,3,279,11,"[{'age': '65_to_84', 'rate': 423.7, 'value': 6245}, {'age': '18_to_64', 'rate': 92.9, 'value': 4873}, {'age': '85+', 'rate': 1459.6, 'value': 3624}, {'age': '0_to_5', 'rate': 11.7, 'value': 72}, {'age': '6_to_17', 'rate': 3.9, 'value': 50}]"
2020-10-16,South East,33,3,263,12,"[{'age': '65_to_84', 'rate': 422.9, 'value': 6234}, {'age': '18_to_64', 'rate': 92.7, 'value': 4861}, {'age': '85+', 'rate': 1455.1, 'value': 3613}, {'age': '0_to_5', 'rate': 11.7, 'value': 72}, {'age': '6_to_17', 'rate': 3.9, 'value': 50}]"
2020-10-15,South East,52,3,233,12,"[{'age': '65_to_84', 'rate': 422.0, 'value': 6220}, {'age': '18_to_64', 'rate': 92.6, 'value': 4856}, {'age': '85+', 'rate': 1449.5, 'value': 3599}, {'age': '0_to_5', 'rate': 11.7, 'value': 72}, {'age': '6_to_17', 'rate': 3.9, 'value': 50}]"
2020-10-14,South East,38,2.7999999999999998224,225,10,"[{'age': '65_to_84', 'rate': 420.5, 'value': 6198}, {'age': '18_to_64', 'rate': 92.3, 'value': 4841}, {'age': '85+', 'rate': 1443.4, 'value': 3584}, {'age': '0_to_5', 'rate': 11.7, 'value': 72}, {'age': '6_to_17', 'rate': 3.9, 'value': 50}]"
2020-10-13,South East,48,2.8999999999999999112,204,10,"[{'age': '65_to_84', 'rate': 419.7, 'value': 6186}, {'age': '18_to_64', 'rate': 91.9, 'value': 4821}, {'age': '85+', 'rate': 1441.0, 'value': 3578}, {'age': '0_to_5', 'rate': 11.7, 'value': 72}, {'age': '6_to_17', 'rate': 3.9, 'value': 50}]"
2020-10-12,South East,37,2.6000000000000000888,189,10,"[{'age': '65_to_84', 'rate': 418.5, 'value': 6168}, {'age': '18_to_64', 'rate': 91.6, 'value': 4802}, {'age': '85+', 'rate': 1437.0, 'value': 3568}, {'age': '0_to_5', 'rate': 11.5, 'value': 71}, {'age': '6_to_17', 'rate': 3.9, 'value': 50}]"
2020-10-11,South East,27,2.3999999999999999112,175,8,"[{'age': '65_to_84', 'rate': 417.2, 'value': 6149}, {'age': '18_to_64', 'rate': 91.4, 'value': 4793}, {'age': '85+', 'rate': 1433.4, 'value': 3559}, {'age': '0_to_5', 'rate': 11.5, 'value': 71}, {'age': '6_to_17', 'rate': 3.9, 'value': 50}]"
2020-10-10,South East,30,2.2999999999999998224,163,10,"[{'age': '65_to_84', 'rate': 416.1, 'value': 6134}, {'age': '18_to_64', 'rate': 91.3, 'value': 4785}, {'age': '85+', 'rate': 1431.8, 'value': 3555}, {'age': '0_to_5', 'rate': 11.5, 'value': 71}, {'age': '6_to_17', 'rate': 3.9, 'value': 50}]"
2020-10-09,South East,34,2.2000000000000001776,162,10,"[{'age': '65_to_84', 'rate': 415.3, 'value': 6122}, {'age': '18_to_64', 'rate': 91.1, 'value': 4776}, {'age': '85+', 'rate': 1428.1, 'value': 3546}, {'age': '0_to_5', 'rate': 11.5, 'value': 71}, {'age': '6_to_17', 'rate': 3.9, 'value': 50}]"
2020-10-08,South East,36,1.8999999999999999112,144,12,"[{'age': '65_to_84', 'rate': 414.5, 'value': 6110}, {'age': '18_to_64', 'rate': 90.9, 'value': 4764}, {'age': '85+', 'rate': 1424.1, 'value': 3536}, {'age': '0_to_5', 'rate': 11.5, 'value': 71}, {'age': '6_to_17', 'rate': 3.9, 'value': 50}]"
2020-10-07,South East,41,1.7000000000000001776,134,12,"[{'age': '65_to_84', 'rate': 413.6, 'value': 6096}, {'age': '18_to_64', 'rate': 90.5, 'value': 4748}, {'age': '85+', 'rate': 1421.7, 'value': 3530}, {'age': '0_to_5', 'rate': 11.5, 'value': 71}, {'age': '6_to_17', 'rate': 3.9, 'value': 50}]"
2020-10-06,South East,25,1.5,121,11,"[{'age': '65_to_84', 'rate': 412.6, 'value': 6081}, {'age': '18_to_64', 'rate': 90.2, 'value': 4731}, {'age': '85+', 'rate': 1418.9, 'value': 3523}, {'age': '0_to_5', 'rate': 11.5, 'value': 71}, {'age': '6_to_17', 'rate': 3.8, 'value': 48}]"
2020-10-05,South East,21,1.3999999999999999112,119,8,"[{'age': '65_to_84', 'rate': 411.7, 'value': 6069}, {'age': '18_to_64', 'rate': 90.1, 'value': 4724}, {'age': '85+', 'rate': 1416.5, 'value': 3517}, {'age': '0_to_5', 'rate': 11.5, 'value': 71}, {'age': '6_to_17', 'rate': 3.8, 'value': 48}]"
2020-10-04,South East,18,1.3000000000000000444,108,8,"[{'age': '65_to_84', 'rate': 410.9, 'value': 6056}, {'age': '18_to_64', 'rate': 90.0, 'value': 4721}, {'age': '85+', 'rate': 1414.4, 'value': 3512}, {'age': '0_to_5', 'rate': 11.5, 'value': 71}, {'age': '6_to_17', 'rate': 3.8, 'value': 48}]"
2020-10-03,South East,19,1.1999999999999999556,100,8,"[{'age': '65_to_84', 'rate': 410.3, 'value': 6048}, {'age': '18_to_64', 'rate': 89.9, 'value': 4712}, {'age': '85+', 'rate': 1414.4, 'value': 3512}, {'age': '0_to_5', 'rate': 11.5, 'value': 71}, {'age': '6_to_17', 'rate': 3.7, 'value': 47}]"
2020-10-02,South East,12,1.1000000000000000888,109,8,"[{'age': '65_to_84', 'rate': 409.8, 'value': 6040}, {'age': '18_to_64', 'rate': 89.7, 'value': 4706}, {'age': '85+', 'rate': 1412.4, 'value': 3507}, {'age': '0_to_5', 'rate': 11.5, 'value': 71}, {'age': '6_to_17', 'rate': 3.7, 'value': 47}]"
2020-10-01,South East,16,1.1999999999999999556,98,8,"[{'age': '65_to_84', 'rate': 409.4, 'value': 6035}, {'age': '18_to_64', 'rate': 89.7, 'value': 4701}, {'age': '85+', 'rate': 1411.6, 'value': 3505}, {'age': '0_to_5', 'rate': 11.5, 'value': 71}, {'age': '6_to_17', 'rate': 3.7, 'value': 47}]"
2020-09-30,South East,22,1.1999999999999999556,103,5,"[{'age': '65_to_84', 'rate': 408.8, 'value': 6026}, {'age': '18_to_64', 'rate': 89.6, 'value': 4698}, {'age': '85+', 'rate': 1410.0, 'value': 3501}, {'age': '0_to_5', 'rate': 11.5, 'value': 71}, {'age': '6_to_17', 'rate': 3.7, 'value': 47}]"
2020-09-29,South East,14,1.1999999999999999556,103,4,"[{'age': '65_to_84', 'rate': 408.2, 'value': 6017}, {'age': '18_to_64', 'rate': 89.4, 'value': 4690}, {'age': '85+', 'rate': 1408.0, 'value': 3496}, {'age': '0_to_5', 'rate': 11.5, 'value': 71}, {'age': '6_to_17', 'rate': 3.7, 'value': 47}]"
2020-09-28,South East,13,1.1999999999999999556,117,5,"[{'age': '65_to_84', 'rate': 407.9, 'value': 6013}, {'age': '18_to_64', 'rate': 89.3, 'value': 4684}, {'age': '85+', 'rate': 1406.4, 'value': 3492}, {'age': '0_to_5', 'rate': 11.5, 'value': 71}, {'age': '6_to_17', 'rate': 3.7, 'value': 47}]"
2020-09-27,South East,6,1.1999999999999999556,114,4,"[{'age': '65_to_84', 'rate': 407.9, 'value': 6012}, {'age': '18_to_64', 'rate': 89.2, 'value': 4677}, {'age': '85+', 'rate': 1405.2, 'value': 3489}, {'age': '0_to_5', 'rate': 11.5, 'value': 71}, {'age': '6_to_17', 'rate': 3.5, 'value': 45}]"
2020-09-26,South East,14,1.1999999999999999556,102,6,"[{'age': '65_to_84', 'rate': 407.7, 'value': 6010}, {'age': '18_to_64', 'rate': 89.2, 'value': 4675}, {'age': '85+', 'rate': 1404.4, 'value': 3487}, {'age': '0_to_5', 'rate': 11.5, 'value': 71}, {'age': '6_to_17', 'rate': 3.5, 'value': 45}]"
2020-09-25,South East,18,1.3000000000000000444,110,4,"[{'age': '65_to_84', 'rate': 407.4, 'value': 6005}, {'age': '18_to_64', 'rate': 89.1, 'value': 4670}, {'age': '85+', 'rate': 1402.8, 'value': 3483}, {'age': '0_to_5', 'rate': 11.5, 'value': 71}, {'age': '6_to_17', 'rate': 3.5, 'value': 45}]"
2020-09-24,South East,15,1.1999999999999999556,104,5,"[{'age': '65_to_84', 'rate': 407.0, 'value': 5999}, {'age': '18_to_64', 'rate': 88.9, 'value': 4663}, {'age': '85+', 'rate': 1401.2, 'value': 3479}, {'age': '0_to_5', 'rate': 11.4, 'value': 70}, {'age': '6_to_17', 'rate': 3.5, 'value': 45}]"
2020-09-23,South East,24,1.1000000000000000888,94,7,"[{'age': '65_to_84', 'rate': 406.6, 'value': 5993}, {'age': '18_to_64', 'rate': 88.8, 'value': 4659}, {'age': '85+', 'rate': 1399.1, 'value': 3474}, {'age': '0_to_5', 'rate': 11.4, 'value': 70}, {'age': '6_to_17', 'rate': 3.5, 'value': 45}]"
2020-09-22,South East,15,0.9000000000000000222,87,5,"[{'age': '65_to_84', 'rate': 405.9, 'value': 5983}, {'age': '18_to_64', 'rate': 88.7, 'value': 4650}, {'age': '85+', 'rate': 1397.5, 'value': 3470}, {'age': '0_to_5', 'rate': 11.4, 'value': 70}, {'age': '6_to_17', 'rate': 3.5, 'value': 44}]"
2020-09-21,South East,14,0.9000000000000000222,91,4,"[{'age': '65_to_84', 'rate': 405.5, 'value': 5977}, {'age': '18_to_64', 'rate': 88.5, 'value': 4642}, {'age': '85+', 'rate': 1397.1, 'value': 3469}, {'age': '0_to_5', 'rate': 11.4, 'value': 70}, {'age': '6_to_17', 'rate': 3.5, 'value': 44}]"
2020-09-20,South East,9,0.80000000000000004441,79,3,"[{'age': '65_to_84', 'rate': 405.1, 'value': 5971}, {'age': '18_to_64', 'rate': 88.4, 'value': 4637}, {'age': '85+', 'rate': 1395.9, 'value': 3466}, {'age': '0_to_5', 'rate': 11.4, 'value': 70}, {'age': '6_to_17', 'rate': 3.5, 'value': 44}]"
2020-09-19,South East,16,0.80000000000000004441,74,4,"[{'age': '65_to_84', 'rate': 405.0, 'value': 5969}, {'age': '18_to_64', 'rate': 88.4, 'value': 4633}, {'age': '85+', 'rate': 1394.7, 'value': 3463}, {'age': '0_to_5', 'rate': 11.4, 'value': 70}, {'age': '6_to_17', 'rate': 3.5, 'value': 44}]"
2020-09-18,South East,9,0.80000000000000004441,82,5,"[{'age': '65_to_84', 'rate': 404.6, 'value': 5964}, {'age': '18_to_64', 'rate': 88.3, 'value': 4630}, {'age': '85+', 'rate': 1391.5, 'value': 3455}, {'age': '0_to_5', 'rate': 11.4, 'value': 70}, {'age': '6_to_17', 'rate': 3.5, 'value': 44}]"
2020-09-17,South East,8,0.80000000000000004441,72,6,"[{'age': '65_to_84', 'rate': 404.3, 'value': 5959}, {'age': '18_to_64', 'rate': 88.2, 'value': 4627}, {'age': '85+', 'rate': 1391.1, 'value': 3454}, {'age': '0_to_5', 'rate': 11.4, 'value': 70}, {'age': '6_to_17', 'rate': 3.5, 'value': 44}]"
2020-09-16,South East,13,0.80000000000000004441,64,5,"[{'age': '65_to_84', 'rate': 404.2, 'value': 5958}, {'age': '18_to_64', 'rate': 88.1, 'value': 4620}, {'age': '85+', 'rate': 1391.1, 'value': 3454}, {'age': '0_to_5', 'rate': 11.4, 'value': 70}, {'age': '6_to_17', 'rate': 3.5, 'value': 44}]"
2020-09-15,South East,7,0.9000000000000000222,78,3,"[{'age': '65_to_84', 'rate': 403.7, 'value': 5951}, {'age': '18_to_64', 'rate': 88.0, 'value': 4615}, {'age': '85+', 'rate': 1390.7, 'value': 3453}, {'age': '0_to_5', 'rate': 11.4, 'value': 70}, {'age': '6_to_17', 'rate': 3.5, 'value': 44}]"
2020-09-14,South East,9,0.9000000000000000222,71,3,"[{'age': '65_to_84', 'rate': 403.6, 'value': 5949}, {'age': '18_to_64', 'rate': 88.0, 'value': 4612}, {'age': '85+', 'rate': 1389.9, 'value': 3451}, {'age': '0_to_5', 'rate': 11.4, 'value': 70}, {'age': '6_to_17', 'rate': 3.5, 'value': 44}]"
2020-09-13,South East,12,0.80000000000000004441,61,3,"[{'age': '65_to_84', 'rate': 403.4, 'value': 5946}, {'age': '18_to_64', 'rate': 87.8, 'value': 4606}, {'age': '85+', 'rate': 1389.9, 'value': 3451}, {'age': '0_to_5', 'rate': 11.4, 'value': 70}, {'age': '6_to_17', 'rate': 3.5, 'value': 44}]"
2020-09-12,South East,12,0.80000000000000004441,63,3,"[{'age': '65_to_84', 'rate': 403.2, 'value': 5943}, {'age': '18_to_64', 'rate': 87.7, 'value': 4599}, {'age': '85+', 'rate': 1389.5, 'value': 3450}, {'age': '0_to_5', 'rate': 11.4, 'value': 70}, {'age': '6_to_17', 'rate': 3.4, 'value': 43}]"
2020-09-11,South East,11,0.70000000000000006661,59,2,"[{'age': '65_to_84', 'rate': 403.1, 'value': 5942}, {'age': '18_to_64', 'rate': 87.6, 'value': 4593}, {'age': '85+', 'rate': 1387.5, 'value': 3445}, {'age': '0_to_5', 'rate': 11.4, 'value': 70}, {'age': '6_to_17', 'rate': 3.4, 'value': 43}]"
2020-09-10,South East,10,0.70000000000000006661,53,3,"[{'age': '65_to_84', 'rate': 403.1, 'value': 5941}, {'age': '18_to_64', 'rate': 87.5, 'value': 4590}, {'age': '85+', 'rate': 1384.6, 'value': 3438}, {'age': '0_to_5', 'rate': 11.4, 'value': 70}, {'age': '6_to_17', 'rate': 3.4, 'value': 43}]"
2020-09-09,South East,17,0.70000000000000006661,48,2,"[{'age': '65_to_84', 'rate': 402.9, 'value': 5938}, {'age': '18_to_64', 'rate': 87.5, 'value': 4587}, {'age': '85+', 'rate': 1383.0, 'value': 3434}, {'age': '0_to_5', 'rate': 11.4, 'value': 70}, {'age': '6_to_17', 'rate': 3.4, 'value': 43}]"
2020-09-08,South East,9,0.60000000000000008882,47,3,"[{'age': '65_to_84', 'rate': 402.2, 'value': 5929}, {'age': '18_to_64', 'rate': 87.4, 'value': 4584}, {'age': '85+', 'rate': 1381.0, 'value': 3429}, {'age': '0_to_5', 'rate': 11.4, 'value': 70}, {'age': '6_to_17', 'rate': 3.4, 'value': 43}]"
2020-09-07,South East,4,0.60000000000000008882,53,3,"[{'age': '65_to_84', 'rate': 402.0, 'value': 5925}, {'age': '18_to_64', 'rate': 87.4, 'value': 4583}, {'age': '85+', 'rate': 1379.4, 'value': 3425}, {'age': '0_to_5', 'rate': 11.4, 'value': 70}, {'age': '6_to_17', 'rate': 3.4, 'value': 43}]"
2020-09-06,South East,8,0.60000000000000008882,44,3,"[{'age': '65_to_84', 'rate': 401.8, 'value': 5923}, {'age': '18_to_64', 'rate': 87.4, 'value': 4582}, {'age': '85+', 'rate': 1379.0, 'value': 3424}, {'age': '0_to_5', 'rate': 11.4, 'value': 70}, {'age': '6_to_17', 'rate': 3.4, 'value': 43}]"
2020-09-05,South East,6,0.60000000000000008882,40,4,"[{'age': '65_to_84', 'rate': 401.5, 'value': 5918}, {'age': '18_to_64', 'rate': 87.4, 'value': 4581}, {'age': '85+', 'rate': 1378.2, 'value': 3422}, {'age': '0_to_5', 'rate': 11.4, 'value': 70}, {'age': '6_to_17', 'rate': 3.4, 'value': 43}]"
2020-09-04,South East,9,0.60000000000000008882,43,6,"[{'age': '65_to_84', 'rate': 401.4, 'value': 5916}, {'age': '18_to_64', 'rate': 87.3, 'value': 4578}, {'age': '85+', 'rate': 1377.8, 'value': 3421}, {'age': '0_to_5', 'rate': 11.4, 'value': 70}, {'age': '6_to_17', 'rate': 3.4, 'value': 43}]"
2020-09-03,South East,8,0.5,39,5,"[{'age': '65_to_84', 'rate': 401.0, 'value': 5910}, {'age': '18_to_64', 'rate': 87.3, 'value': 4578}, {'age': '85+', 'rate': 1376.6, 'value': 3418}, {'age': '0_to_5', 'rate': 11.4, 'value': 70}, {'age': '6_to_17', 'rate': 3.4, 'value': 43}]"
2020-09-02,South East,12,0.60000000000000008882,38,4,"[{'age': '65_to_84', 'rate': 400.7, 'value': 5907}, {'age': '18_to_64', 'rate': 87.2, 'value': 4575}, {'age': '85+', 'rate': 1376.6, 'value': 3418}, {'age': '0_to_5', 'rate': 11.4, 'value': 70}, {'age': '6_to_17', 'rate': 3.2, 'value': 41}]"
2020-09-01,South East,7,0.5,39,4,"[{'age': '65_to_84', 'rate': 400.5, 'value': 5904}, {'age': '18_to_64', 'rate': 87.2, 'value': 4570}, {'age': '85+', 'rate': 1375.0, 'value': 3414}, {'age': '0_to_5', 'rate': 11.4, 'value': 70}, {'age': '6_to_17', 'rate': 3.2, 'value': 41}]"
2020-08-31,South East,6,0.5,42,3,"[{'age': '65_to_84', 'rate': 400.4, 'value': 5902}, {'age': '18_to_64', 'rate': 87.1, 'value': 4567}, {'age': '85+', 'rate': 1374.2, 'value': 3412}, {'age': '0_to_5', 'rate': 11.4, 'value': 70}, {'age': '6_to_17', 'rate': 3.2, 'value': 41}]"
2020-08-30,South East,2,0.60000000000000008882,39,3,"[{'age': '65_to_84', 'rate': 400.3, 'value': 5900}, {'age': '18_to_64', 'rate': 87.0, 'value': 4564}, {'age': '85+', 'rate': 1373.8, 'value': 3411}, {'age': '0_to_5', 'rate': 11.4, 'value': 70}, {'age': '6_to_17', 'rate': 3.2, 'value': 41}]"
2020-08-29,South East,5,0.60000000000000008882,37,5,"[{'age': '65_to_84', 'rate': 400.3, 'value': 5900}, {'age': '18_to_64', 'rate': 87.0, 'value': 4564}, {'age': '85+', 'rate': 1373.0, 'value': 3409}, {'age': '0_to_5', 'rate': 11.4, 'value': 70}, {'age': '6_to_17', 'rate': 3.2, 'value': 41}]"
2020-08-28,South East,7,0.60000000000000008882,39,7,"[{'age': '65_to_84', 'rate': 400.2, 'value': 5899}, {'age': '18_to_64', 'rate': 87.0, 'value': 4561}, {'age': '85+', 'rate': 1372.6, 'value': 3408}, {'age': '0_to_5', 'rate': 11.4, 'value': 70}, {'age': '6_to_17', 'rate': 3.2, 'value': 41}]"
2020-08-27,South East,12,0.60000000000000008882,47,6,"[{'age': '65_to_84', 'rate': 400.1, 'value': 5897}, {'age': '18_to_64', 'rate': 86.9, 'value': 4558}, {'age': '85+', 'rate': 1371.8, 'value': 3406}, {'age': '0_to_5', 'rate': 11.4, 'value': 70}, {'age': '6_to_17', 'rate': 3.2, 'value': 41}]"
2020-08-26,South East,7,0.5,48,6,"[{'age': '65_to_84', 'rate': 399.8, 'value': 5893}, {'age': '18_to_64', 'rate': 86.8, 'value': 4554}, {'age': '85+', 'rate': 1370.1, 'value': 3402}, {'age': '0_to_5', 'rate': 11.4, 'value': 70}, {'age': '6_to_17', 'rate': 3.2, 'value': 41}]"
2020-08-25,South East,9,0.5,50,9,"[{'age': '65_to_84', 'rate': 399.7, 'value': 5891}, {'age': '18_to_64', 'rate': 86.8, 'value': 4550}, {'age': '85+', 'rate': 1369.7, 'value': 3401}, {'age': '0_to_5', 'rate': 11.4, 'value': 70}, {'age': '6_to_17', 'rate': 3.2, 'value': 41}]"
2020-08-24,South East,8,0.5,54,9,"[{'age': '65_to_84', 'rate': 399.4, 'value': 5887}, {'age': '18_to_64', 'rate': 86.7, 'value': 4546}, {'age': '85+', 'rate': 1369.3, 'value': 3400}, {'age': '0_to_5', 'rate': 11.4, 'value': 70}, {'age': '6_to_17', 'rate': 3.2, 'value': 41}]"
2020-08-23,South East,8,0.4000000000000000222,53,8,"[{'age': '65_to_84', 'rate': 399.1, 'value': 5883}, {'age': '18_to_64', 'rate': 86.7, 'value': 4544}, {'age': '85+', 'rate': 1368.9, 'value': 3399}, {'age': '0_to_5', 'rate': 11.2, 'value': 69}, {'age': '6_to_17', 'rate': 3.2, 'value': 41}]"
2020-08-22,South East,5,0.4000000000000000222,51,8,"[{'age': '65_to_84', 'rate': 399.0, 'value': 5881}, {'age': '18_to_64', 'rate': 86.6, 'value': 4539}, {'age': '85+', 'rate': 1368.5, 'value': 3398}, {'age': '0_to_5', 'rate': 11.2, 'value': 69}, {'age': '6_to_17', 'rate': 3.2, 'value': 41}]"
2020-08-21,South East,2,0.4000000000000000222,64,9,"[{'age': '65_to_84', 'rate': 398.8, 'value': 5878}, {'age': '18_to_64', 'rate': 86.5, 'value': 4538}, {'age': '85+', 'rate': 1368.1, 'value': 3397}, {'age': '0_to_5', 'rate': 11.2, 'value': 69}, {'age': '6_to_17', 'rate': 3.2, 'value': 41}]"
2020-08-20,South East,4,0.4000000000000000222,64,8,"[{'age': '65_to_84', 'rate': 398.7, 'value': 5877}, {'age': '18_to_64', 'rate': 86.5, 'value': 4538}, {'age': '85+', 'rate': 1367.7, 'value': 3396}, {'age': '0_to_5', 'rate': 11.2, 'value': 69}, {'age': '6_to_17', 'rate': 3.2, 'value': 41}]"
2020-08-19,South East,7,0.5,65,8,"[{'age': '65_to_84', 'rate': 398.7, 'value': 5877}, {'age': '18_to_64', 'rate': 86.5, 'value': 4535}, {'age': '85+', 'rate': 1367.3, 'value': 3395}, {'age': '0_to_5', 'rate': 11.2, 'value': 69}, {'age': '6_to_17', 'rate': 3.2, 'value': 41}]"
2020-08-18,South East,6,0.60000000000000008882,70,9,"[{'age': '65_to_84', 'rate': 398.7, 'value': 5877}, {'age': '18_to_64', 'rate': 86.4, 'value': 4529}, {'age': '85+', 'rate': 1366.9, 'value': 3394}, {'age': '0_to_5', 'rate': 11.2, 'value': 69}, {'age': '6_to_17', 'rate': 3.2, 'value': 41}]"
2020-08-17,South East,5,0.5,69,9,"[{'age': '65_to_84', 'rate': 398.6, 'value': 5876}, {'age': '18_to_64', 'rate': 86.3, 'value': 4525}, {'age': '85+', 'rate': 1366.5, 'value': 3393}, {'age': '0_to_5', 'rate': 11.2, 'value': 69}, {'age': '6_to_17', 'rate': 3.2, 'value': 41}]"
2020-08-16,South East,5,0.5,71,9,"[{'age': '65_to_84', 'rate': 398.5, 'value': 5874}, {'age': '18_to_64', 'rate': 86.3, 'value': 4524}, {'age': '85+', 'rate': 1366.1, 'value': 3392}, {'age': '0_to_5', 'rate': 11.2, 'value': 69}, {'age': '6_to_17', 'rate': 3.1, 'value': 40}]"
2020-08-15,South East,3,0.5,72,9,"[{'age': '65_to_84', 'rate': 398.4, 'value': 5873}, {'age': '18_to_64', 'rate': 86.2, 'value': 4522}, {'age': '85+', 'rate': 1365.3, 'value': 3390}, {'age': '0_to_5', 'rate': 11.2, 'value': 69}, {'age': '6_to_17', 'rate': 3.1, 'value': 40}]"
2020-08-14,South East,9,0.60000000000000008882,72,10,"[{'age': '65_to_84', 'rate': 398.4, 'value': 5873}, {'age': '18_to_64', 'rate': 86.2, 'value': 4520}, {'age': '85+', 'rate': 1364.9, 'value': 3389}, {'age': '0_to_5', 'rate': 11.2, 'value': 69}, {'age': '6_to_17', 'rate': 3.1, 'value': 40}]"
2020-08-13,South East,10,0.5,63,9,"[{'age': '65_to_84', 'rate': 398.1, 'value': 5868}, {'age': '18_to_64', 'rate': 86.1, 'value': 4517}, {'age': '85+', 'rate': 1364.5, 'value': 3388}, {'age': '0_to_5', 'rate': 11.2, 'value': 69}, {'age': '6_to_17', 'rate': 3.1, 'value': 40}]"
2020-08-12,South East,13,0.4000000000000000222,59,7,"[{'age': '65_to_84', 'rate': 397.7, 'value': 5862}, {'age': '18_to_64', 'rate': 86.1, 'value': 4515}, {'age': '85+', 'rate': 1363.7, 'value': 3386}, {'age': '0_to_5', 'rate': 11.2, 'value': 69}, {'age': '6_to_17', 'rate': 3.1, 'value': 40}]"
2020-08-11,South East,3,0.4000000000000000222,68,8,"[{'age': '65_to_84', 'rate': 397.5, 'value': 5859}, {'age': '18_to_64', 'rate': 85.9, 'value': 4506}, {'age': '85+', 'rate': 1363.3, 'value': 3385}, {'age': '0_to_5', 'rate': 11.2, 'value': 69}, {'age': '6_to_17', 'rate': 3.1, 'value': 40}]"
2020-08-10,South East,4,0.5,82,8,"[{'age': '65_to_84', 'rate': 397.3, 'value': 5856}, {'age': '18_to_64', 'rate': 85.9, 'value': 4506}, {'age': '85+', 'rate': 1363.3, 'value': 3385}, {'age': '0_to_5', 'rate': 11.2, 'value': 69}, {'age': '6_to_17', 'rate': 3.1, 'value': 40}]"
2020-08-09,South East,4,0.5,72,8,"[{'age': '65_to_84', 'rate': 397.2, 'value': 5854}, {'age': '18_to_64', 'rate': 85.9, 'value': 4506}, {'age': '85+', 'rate': 1362.5, 'value': 3383}, {'age': '0_to_5', 'rate': 11.2, 'value': 69}, {'age': '6_to_17', 'rate': 3.1, 'value': 40}]"
2020-08-08,South East,7,0.5,80,7,"[{'age': '65_to_84', 'rate': 397.0, 'value': 5852}, {'age': '18_to_64', 'rate': 85.9, 'value': 4506}, {'age': '85+', 'rate': 1361.7, 'value': 3381}, {'age': '0_to_5', 'rate': 11.2, 'value': 69}, {'age': '6_to_17', 'rate': 3.1, 'value': 40}]"
2020-08-07,South East,6,0.60000000000000008882,77,8,"[{'age': '65_to_84', 'rate': 396.7, 'value': 5848}, {'age': '18_to_64', 'rate': 85.9, 'value': 4503}, {'age': '85+', 'rate': 1361.7, 'value': 3381}, {'age': '0_to_5', 'rate': 11.2, 'value': 69}, {'age': '6_to_17', 'rate': 3.1, 'value': 40}]"
2020-08-06,South East,2,0.60000000000000008882,78,8,"[{'age': '65_to_84', 'rate': 396.5, 'value': 5844}, {'age': '18_to_64', 'rate': 85.9, 'value': 4503}, {'age': '85+', 'rate': 1360.9, 'value': 3379}, {'age': '0_to_5', 'rate': 11.2, 'value': 69}, {'age': '6_to_17', 'rate': 3.1, 'value': 40}]"
2020-08-05,South East,12,0.70000000000000006661,106,9,"[{'age': '65_to_84', 'rate': 396.4, 'value': 5843}, {'age': '18_to_64', 'rate': 85.9, 'value': 4503}, {'age': '85+', 'rate': 1360.5, 'value': 3378}, {'age': '0_to_5', 'rate': 11.2, 'value': 69}, {'age': '6_to_17', 'rate': 3.1, 'value': 40}]"
2020-08-04,South East,9,0.70000000000000006661,111,9,"[{'age': '65_to_84', 'rate': 396.2, 'value': 5840}, {'age': '18_to_64', 'rate': 85.8, 'value': 4498}, {'age': '85+', 'rate': 1359.3, 'value': 3375}, {'age': '0_to_5', 'rate': 11.2, 'value': 69}, {'age': '6_to_17', 'rate': 3.1, 'value': 39}]"
2020-08-03,South East,4,0.70000000000000006661,122,12,"[{'age': '65_to_84', 'rate': 395.9, 'value': 5836}, {'age': '18_to_64', 'rate': 85.7, 'value': 4495}, {'age': '85+', 'rate': 1358.5, 'value': 3373}, {'age': '0_to_5', 'rate': 11.2, 'value': 69}, {'age': '6_to_17', 'rate': 3.1, 'value': 39}]"
2020-08-02,South East,5,0.80000000000000004441,122,15,"[{'age': '65_to_84', 'rate': 395.8, 'value': 5834}, {'age': '18_to_64', 'rate': 85.7, 'value': 4494}, {'age': '85+', 'rate': 1358.1, 'value': 3372}, {'age': '0_to_5', 'rate': 11.2, 'value': 69}, {'age': '6_to_17', 'rate': 3.1, 'value': 39}]"
2020-08-01,South East,14,0.80000000000000004441,123,12,"[{'age': '65_to_84', 'rate': 395.6, 'value': 5831}, {'age': '18_to_64', 'rate': 85.7, 'value': 4494}, {'age': '85+', 'rate': 1357.3, 'value': 3370}, {'age': '0_to_5', 'rate': 11.2, 'value': 69}, {'age': '6_to_17', 'rate': 3.1, 'value': 39}]"
2020-07-31,South East,10,0.80000000000000004441,132,12,"[{'age': '65_to_84', 'rate': 395.3, 'value': 5826}, {'age': '18_to_64', 'rate': 85.6, 'value': 4487}, {'age': '85+', 'rate': 1356.5, 'value': 3368}, {'age': '0_to_5', 'rate': 11.2, 'value': 69}, {'age': '6_to_17', 'rate': 3.1, 'value': 39}]"
2020-07-30,South East,8,0.80000000000000004441,136,11,"[{'age': '65_to_84', 'rate': 395.1, 'value': 5823}, {'age': '18_to_64', 'rate': 85.5, 'value': 4484}, {'age': '85+', 'rate': 1355.2, 'value': 3365}, {'age': '0_to_5', 'rate': 11.2, 'value': 69}, {'age': '6_to_17', 'rate': 3.0, 'value': 38}]"
2020-07-29,South East,9,0.9000000000000000222,141,12,"[{'age': '65_to_84', 'rate': 394.8, 'value': 5819}, {'age': '18_to_64', 'rate': 85.5, 'value': 4481}, {'age': '85+', 'rate': 1354.8, 'value': 3364}, {'age': '0_to_5', 'rate': 11.2, 'value': 69}, {'age': '6_to_17', 'rate': 3.0, 'value': 38}]"
2020-07-28,South East,12,0.9000000000000000222,135,12,"[{'age': '65_to_84', 'rate': 394.5, 'value': 5815}, {'age': '18_to_64', 'rate': 85.4, 'value': 4477}, {'age': '85+', 'rate': 1354.4, 'value': 3363}, {'age': '0_to_5', 'rate': 11.2, 'value': 69}, {'age': '6_to_17', 'rate': 3.0, 'value': 38}]"
2020-07-27,South East,13,0.80000000000000004441,118,12,"[{'age': '65_to_84', 'rate': 394.2, 'value': 5810}, {'age': '18_to_64', 'rate': 85.3, 'value': 4474}, {'age': '85+', 'rate': 1353.2, 'value': 3360}, {'age': '0_to_5', 'rate': 11.2, 'value': 69}, {'age': '6_to_17', 'rate': 2.9, 'value': 37}]"
2020-07-26,South East,9,0.80000000000000004441,141,11,"[{'age': '65_to_84', 'rate': 393.7, 'value': 5803}, {'age': '18_to_64', 'rate': 85.2, 'value': 4470}, {'age': '85+', 'rate': 1352.4, 'value': 3358}, {'age': '0_to_5', 'rate': 11.2, 'value': 69}, {'age': '6_to_17', 'rate': 2.9, 'value': 37}]"
2020-07-25,South East,7,0.80000000000000004441,143,9,"[{'age': '65_to_84', 'rate': 393.4, 'value': 5799}, {'age': '18_to_64', 'rate': 85.2, 'value': 4467}, {'age': '85+', 'rate': 1351.6, 'value': 3356}, {'age': '0_to_5', 'rate': 11.2, 'value': 69}, {'age': '6_to_17', 'rate': 2.9, 'value': 37}]"
2020-07-24,South East,14,0.9000000000000000222,157,12,"[{'age': '65_to_84', 'rate': 393.3, 'value': 5797}, {'age': '18_to_64', 'rate': 85.1, 'value': 4463}, {'age': '85+', 'rate': 1351.2, 'value': 3355}, {'age': '0_to_5', 'rate': 11.2, 'value': 69}, {'age': '6_to_17', 'rate': 2.9, 'value': 37}]"
2020-07-23,South East,12,0.80000000000000004441,167,12,"[{'age': '65_to_84', 'rate': 392.8, 'value': 5790}, {'age': '18_to_64', 'rate': 85.0, 'value': 4457}, {'age': '85+', 'rate': 1350.8, 'value': 3354}, {'age': '0_to_5', 'rate': 11.2, 'value': 69}, {'age': '6_to_17', 'rate': 2.9, 'value': 37}]"
2020-07-22,South East,11,0.9000000000000000222,179,10,"[{'age': '65_to_84', 'rate': 392.4, 'value': 5784}, {'age': '18_to_64', 'rate': 84.9, 'value': 4453}, {'age': '85+', 'rate': 1350.0, 'value': 3352}, {'age': '0_to_5', 'rate': 11.2, 'value': 69}, {'age': '6_to_17', 'rate': 2.9, 'value': 37}]"
2020-07-21,South East,7,0.9000000000000000222,193,12,"[{'age': '65_to_84', 'rate': 392.2, 'value': 5781}, {'age': '18_to_64', 'rate': 84.8, 'value': 4447}, {'age': '85+', 'rate': 1349.2, 'value': 3350}, {'age': '0_to_5', 'rate': 11.2, 'value': 69}, {'age': '6_to_17', 'rate': 2.9, 'value': 37}]"
2020-07-20,South East,8,1,200,11,"[{'age': '65_to_84', 'rate': 391.9, 'value': 5777}, {'age': '18_to_64', 'rate': 84.7, 'value': 4444}, {'age': '85+', 'rate': 1349.2, 'value': 3350}, {'age': '0_to_5', 'rate': 11.2, 'value': 69}, {'age': '6_to_17', 'rate': 2.9, 'value': 37}]"
2020-07-19,South East,13,1.1999999999999999556,198,12,"[{'age': '65_to_84', 'rate': 391.7, 'value': 5773}, {'age': '18_to_64', 'rate': 84.7, 'value': 4440}, {'age': '85+', 'rate': 1349.2, 'value': 3350}, {'age': '0_to_5', 'rate': 11.2, 'value': 69}, {'age': '6_to_17', 'rate': 2.9, 'value': 37}]"
2020-07-18,South East,11,1.1000000000000000888,194,11,"[{'age': '65_to_84', 'rate': 391.3, 'value': 5768}, {'age': '18_to_64', 'rate': 84.5, 'value': 4433}, {'age': '85+', 'rate': 1348.8, 'value': 3349}, {'age': '0_to_5', 'rate': 11.2, 'value': 69}, {'age': '6_to_17', 'rate': 2.9, 'value': 37}]"
2020-07-17,South East,12,1.1999999999999999556,203,10,"[{'age': '65_to_84', 'rate': 391.0, 'value': 5764}, {'age': '18_to_64', 'rate': 84.4, 'value': 4427}, {'age': '85+', 'rate': 1348.8, 'value': 3349}, {'age': '0_to_5', 'rate': 11.0, 'value': 68}, {'age': '6_to_17', 'rate': 2.9, 'value': 37}]"
2020-07-16,South East,15,1.1999999999999999556,201,10,"[{'age': '65_to_84', 'rate': 390.8, 'value': 5761}, {'age': '18_to_64', 'rate': 84.3, 'value': 4422}, {'age': '85+', 'rate': 1347.6, 'value': 3346}, {'age': '0_to_5', 'rate': 11.0, 'value': 68}, {'age': '6_to_17', 'rate': 2.8, 'value': 36}]"
2020-07-15,South East,15,1.3000000000000000444,215,12,"[{'age': '65_to_84', 'rate': 390.4, 'value': 5755}, {'age': '18_to_64', 'rate': 84.2, 'value': 4415}, {'age': '85+', 'rate': 1346.8, 'value': 3344}, {'age': '0_to_5', 'rate': 11.0, 'value': 68}, {'age': '6_to_17', 'rate': 2.8, 'value': 36}]"
2020-07-14,South East,15,1.3999999999999999112,215,10,"[{'age': '65_to_84', 'rate': 389.9, 'value': 5747}, {'age': '18_to_64', 'rate': 84.2, 'value': 4414}, {'age': '85+', 'rate': 1344.4, 'value': 3338}, {'age': '0_to_5', 'rate': 11.0, 'value': 68}, {'age': '6_to_17', 'rate': 2.8, 'value': 36}]"
2020-07-13,South East,25,1.5,222,10,"[{'age': '65_to_84', 'rate': 389.1, 'value': 5736}, {'age': '18_to_64', 'rate': 84.1, 'value': 4411}, {'age': '85+', 'rate': 1344.0, 'value': 3337}, {'age': '0_to_5', 'rate': 11.0, 'value': 68}, {'age': '6_to_17', 'rate': 2.8, 'value': 36}]"
2020-07-12,South East,8,1.3999999999999999112,222,10,"[{'age': '65_to_84', 'rate': 388.3, 'value': 5724}, {'age': '18_to_64', 'rate': 84.0, 'value': 4406}, {'age': '85+', 'rate': 1340.7, 'value': 3329}, {'age': '0_to_5', 'rate': 11.0, 'value': 68}, {'age': '6_to_17', 'rate': 2.8, 'value': 36}]"
2020-07-11,South East,14,1.5,227,11,"[{'age': '65_to_84', 'rate': 388.1, 'value': 5720}, {'age': '18_to_64', 'rate': 84.0, 'value': 4405}, {'age': '85+', 'rate': 1339.9, 'value': 3327}, {'age': '0_to_5', 'rate': 10.9, 'value': 67}, {'age': '6_to_17', 'rate': 2.8, 'value': 36}]"
2020-07-10,South East,16,1.6000000000000000888,235,10,"[{'age': '65_to_84', 'rate': 387.5, 'value': 5711}, {'age': '18_to_64', 'rate': 84.0, 'value': 4404}, {'age': '85+', 'rate': 1338.3, 'value': 3323}, {'age': '0_to_5', 'rate': 10.9, 'value': 67}, {'age': '6_to_17', 'rate': 2.8, 'value': 36}]"
2020-07-09,South East,25,1.6000000000000000888,244,10,"[{'age': '65_to_84', 'rate': 387.0, 'value': 5705}, {'age': '18_to_64', 'rate': 83.9, 'value': 4399}, {'age': '85+', 'rate': 1336.7, 'value': 3319}, {'age': '0_to_5', 'rate': 10.7, 'value': 66}, {'age': '6_to_17', 'rate': 2.8, 'value': 36}]"
2020-07-08,South East,19,1.5,242,8,"[{'age': '65_to_84', 'rate': 386.2, 'value': 5692}, {'age': '18_to_64', 'rate': 83.7, 'value': 4390}, {'age': '85+', 'rate': 1335.5, 'value': 3316}, {'age': '0_to_5', 'rate': 10.7, 'value': 66}, {'age': '6_to_17', 'rate': 2.8, 'value': 36}]"
2020-07-07,South East,23,1.6000000000000000888,252,10,"[{'age': '65_to_84', 'rate': 385.6, 'value': 5683}, {'age': '18_to_64', 'rate': 83.7, 'value': 4387}, {'age': '85+', 'rate': 1332.7, 'value': 3309}, {'age': '0_to_5', 'rate': 10.7, 'value': 66}, {'age': '6_to_17', 'rate': 2.8, 'value': 36}]"
2020-07-06,South East,19,1.7000000000000001776,251,15,"[{'age': '65_to_84', 'rate': 384.9, 'value': 5674}, {'age': '18_to_64', 'rate': 83.5, 'value': 4380}, {'age': '85+', 'rate': 1329.9, 'value': 3302}, {'age': '0_to_5', 'rate': 10.7, 'value': 66}, {'age': '6_to_17', 'rate': 2.8, 'value': 36}]"
2020-07-05,South East,15,1.8000000000000000444,253,15,"[{'age': '65_to_84', 'rate': 384.3, 'value': 5665}, {'age': '18_to_64', 'rate': 83.5, 'value': 4376}, {'age': '85+', 'rate': 1327.5, 'value': 3296}, {'age': '0_to_5', 'rate': 10.7, 'value': 66}, {'age': '6_to_17', 'rate': 2.8, 'value': 36}]"
2020-07-04,South East,21,1.8999999999999999112,256,16,"[{'age': '65_to_84', 'rate': 383.9, 'value': 5659}, {'age': '18_to_64', 'rate': 83.4, 'value': 4371}, {'age': '85+', 'rate': 1325.8, 'value': 3292}, {'age': '0_to_5', 'rate': 10.7, 'value': 66}, {'age': '6_to_17', 'rate': 2.8, 'value': 36}]"
2020-07-03,South East,19,2,279,21,"[{'age': '65_to_84', 'rate': 383.2, 'value': 5648}, {'age': '18_to_64', 'rate': 83.3, 'value': 4367}, {'age': '85+', 'rate': 1323.4, 'value': 3286}, {'age': '0_to_5', 'rate': 10.7, 'value': 66}, {'age': '6_to_17', 'rate': 2.8, 'value': 36}]"
2020-07-02,South East,20,2,279,22,"[{'age': '65_to_84', 'rate': 382.6, 'value': 5639}, {'age': '18_to_64', 'rate': 83.2, 'value': 4363}, {'age': '85+', 'rate': 1321.0, 'value': 3280}, {'age': '0_to_5', 'rate': 10.7, 'value': 66}, {'age': '6_to_17', 'rate': 2.8, 'value': 36}]"
2020-07-01,South East,27,2.1000000000000000888,273,18,"[{'age': '65_to_84', 'rate': 382.0, 'value': 5630}, {'age': '18_to_64', 'rate': 83.1, 'value': 4359}, {'age': '85+', 'rate': 1318.6, 'value': 3274}, {'age': '0_to_5', 'rate': 10.7, 'value': 66}, {'age': '6_to_17', 'rate': 2.8, 'value': 35}]"
2020-06-30,South East,31,2.1000000000000000888,282,20,"[{'age': '65_to_84', 'rate': 381.1, 'value': 5618}, {'age': '18_to_64', 'rate': 83.1, 'value': 4355}, {'age': '85+', 'rate': 1316.2, 'value': 3268}, {'age': '0_to_5', 'rate': 10.5, 'value': 65}, {'age': '6_to_17', 'rate': 2.8, 'value': 35}]"
2020-06-29,South East,23,2,309,21,"[{'age': '65_to_84', 'rate': 380.2, 'value': 5604}, {'age': '18_to_64', 'rate': 82.9, 'value': 4349}, {'age': '85+', 'rate': 1311.7, 'value': 3257}, {'age': '0_to_5', 'rate': 10.5, 'value': 65}, {'age': '6_to_17', 'rate': 2.8, 'value': 35}]"
2020-06-28,South East,24,2.1000000000000000888,297,20,"[{'age': '65_to_84', 'rate': 379.2, 'value': 5589}, {'age': '18_to_64', 'rate': 82.9, 'value': 4347}, {'age': '85+', 'rate': 1309.7, 'value': 3252}, {'age': '0_to_5', 'rate': 10.4, 'value': 64}, {'age': '6_to_17', 'rate': 2.8, 'value': 35}]"
2020-06-27,South East,31,2.1000000000000000888,303,20,"[{'age': '65_to_84', 'rate': 378.6, 'value': 5580}, {'age': '18_to_64', 'rate': 82.8, 'value': 4340}, {'age': '85+', 'rate': 1306.5, 'value': 3244}, {'age': '0_to_5', 'rate': 10.4, 'value': 64}, {'age': '6_to_17', 'rate': 2.8, 'value': 35}]"
2020-06-26,South East,22,2.2000000000000001776,286,17,"[{'age': '65_to_84', 'rate': 377.7, 'value': 5567}, {'age': '18_to_64', 'rate': 82.6, 'value': 4332}, {'age': '85+', 'rate': 1302.5, 'value': 3234}, {'age': '0_to_5', 'rate': 10.4, 'value': 64}, {'age': '6_to_17', 'rate': 2.8, 'value': 35}]"
2020-06-25,South East,27,2.2000000000000001776,342,19,"[{'age': '65_to_84', 'rate': 377.1, 'value': 5558}, {'age': '18_to_64', 'rate': 82.6, 'value': 4329}, {'age': '85+', 'rate': 1298.5, 'value': 3224}, {'age': '0_to_5', 'rate': 10.4, 'value': 64}, {'age': '6_to_17', 'rate': 2.8, 'value': 35}]"
2020-06-24,South East,27,2.1000000000000000888,338,18,"[{'age': '65_to_84', 'rate': 376.3, 'value': 5547}, {'age': '18_to_64', 'rate': 82.4, 'value': 4323}, {'age': '85+', 'rate': 1294.4, 'value': 3214}, {'age': '0_to_5', 'rate': 10.4, 'value': 64}, {'age': '6_to_17', 'rate': 2.8, 'value': 35}]"
2020-06-23,South East,21,2.1000000000000000888,370,21,"[{'age': '65_to_84', 'rate': 375.6, 'value': 5536}, {'age': '18_to_64', 'rate': 82.3, 'value': 4313}, {'age': '85+', 'rate': 1292.0, 'value': 3208}, {'age': '0_to_5', 'rate': 10.4, 'value': 64}, {'age': '6_to_17', 'rate': 2.8, 'value': 35}]"
2020-06-22,South East,32,2.2999999999999998224,381,21,"[{'age': '65_to_84', 'rate': 374.7, 'value': 5523}, {'age': '18_to_64', 'rate': 82.2, 'value': 4310}, {'age': '85+', 'rate': 1290.0, 'value': 3203}, {'age': '0_to_5', 'rate': 10.4, 'value': 64}, {'age': '6_to_17', 'rate': 2.8, 'value': 35}]"
2020-06-21,South East,27,2.5,395,22,"[{'age': '65_to_84', 'rate': 373.9, 'value': 5511}, {'age': '18_to_64', 'rate': 82.0, 'value': 4300}, {'age': '85+', 'rate': 1286.8, 'value': 3195}, {'age': '0_to_5', 'rate': 10.2, 'value': 63}, {'age': '6_to_17', 'rate': 2.7, 'value': 34}]"
2020-06-20,South East,35,2.7000000000000001776,373,22,"[{'age': '65_to_84', 'rate': 373.1, 'value': 5500}, {'age': '18_to_64', 'rate': 81.8, 'value': 4289}, {'age': '85+', 'rate': 1284.8, 'value': 3190}, {'age': '0_to_5', 'rate': 10.2, 'value': 63}, {'age': '6_to_17', 'rate': 2.7, 'value': 34}]"
2020-06-19,South East,25,2.6000000000000000888,430,24,"[{'age': '65_to_84', 'rate': 371.8, 'value': 5481}, {'age': '18_to_64', 'rate': 81.7, 'value': 4283}, {'age': '85+', 'rate': 1280.7, 'value': 3180}, {'age': '0_to_5', 'rate': 10.2, 'value': 63}, {'age': '6_to_17', 'rate': 2.7, 'value': 34}]"
2020-06-18,South East,22,2.6000000000000000888,431,22,"[{'age': '65_to_84', 'rate': 371.1, 'value': 5470}, {'age': '18_to_64', 'rate': 81.5, 'value': 4276}, {'age': '85+', 'rate': 1277.9, 'value': 3173}, {'age': '0_to_5', 'rate': 10.2, 'value': 63}, {'age': '6_to_17', 'rate': 2.7, 'value': 34}]"
2020-06-17,South East,28,2.7000000000000001776,467,26,"[{'age': '65_to_84', 'rate': 370.3, 'value': 5458}, {'age': '18_to_64', 'rate': 81.4, 'value': 4271}, {'age': '85+', 'rate': 1275.9, 'value': 3168}, {'age': '0_to_5', 'rate': 10.2, 'value': 63}, {'age': '6_to_17', 'rate': 2.7, 'value': 34}]"
2020-06-16,South East,37,2.6000000000000000888,474,26,"[{'age': '65_to_84', 'rate': 369.5, 'value': 5446}, {'age': '18_to_64', 'rate': 81.4, 'value': 4268}, {'age': '85+', 'rate': 1270.7, 'value': 3155}, {'age': '0_to_5', 'rate': 10.2, 'value': 63}, {'age': '6_to_17', 'rate': 2.7, 'value': 34}]"
2020-06-15,South East,45,2.7000000000000001776,476,29,"[{'age': '65_to_84', 'rate': 368.8, 'value': 5436}, {'age': '18_to_64', 'rate': 81.2, 'value': 4260}, {'age': '85+', 'rate': 1263.0, 'value': 3136}, {'age': '0_to_5', 'rate': 10.2, 'value': 63}, {'age': '6_to_17', 'rate': 2.7, 'value': 34}]"
2020-06-14,South East,46,2.6000000000000000888,489,34,"[{'age': '65_to_84', 'rate': 367.2, 'value': 5413}, {'age': '18_to_64', 'rate': 81.0, 'value': 4249}, {'age': '85+', 'rate': 1258.6, 'value': 3125}, {'age': '0_to_5', 'rate': 10.2, 'value': 63}, {'age': '6_to_17', 'rate': 2.7, 'value': 34}]"
2020-06-13,South East,28,2.6000000000000000888,480,30,"[{'age': '65_to_84', 'rate': 365.7, 'value': 5391}, {'age': '18_to_64', 'rate': 80.8, 'value': 4239}, {'age': '85+', 'rate': 1252.9, 'value': 3111}, {'age': '0_to_5', 'rate': 10.2, 'value': 63}, {'age': '6_to_17', 'rate': 2.7, 'value': 34}]"
2020-06-12,South East,28,2.7999999999999998224,511,28,"[{'age': '65_to_84', 'rate': 364.8, 'value': 5377}, {'age': '18_to_64', 'rate': 80.7, 'value': 4231}, {'age': '85+', 'rate': 1250.5, 'value': 3105}, {'age': '0_to_5', 'rate': 10.2, 'value': 63}, {'age': '6_to_17', 'rate': 2.7, 'value': 34}]"
2020-06-11,South East,27,2.8999999999999999112,539,32,"[{'age': '65_to_84', 'rate': 364.3, 'value': 5370}, {'age': '18_to_64', 'rate': 80.5, 'value': 4223}, {'age': '85+', 'rate': 1245.3, 'value': 3092}, {'age': '0_to_5', 'rate': 10.2, 'value': 63}, {'age': '6_to_17', 'rate': 2.7, 'value': 34}]"
2020-06-10,South East,23,3.2999999999999998224,556,32,"[{'age': '65_to_84', 'rate': 363.3, 'value': 5355}, {'age': '18_to_64', 'rate': 80.4, 'value': 4216}, {'age': '85+', 'rate': 1243.3, 'value': 3087}, {'age': '0_to_5', 'rate': 10.2, 'value': 63}, {'age': '6_to_17', 'rate': 2.7, 'value': 34}]"
2020-06-09,South East,39,3.7000000000000001776,574,38,"[{'age': '65_to_84', 'rate': 362.8, 'value': 5347}, {'age': '18_to_64', 'rate': 80.3, 'value': 4209}, {'age': '85+', 'rate': 1240.1, 'value': 3079}, {'age': '0_to_5', 'rate': 10.2, 'value': 63}, {'age': '6_to_17', 'rate': 2.7, 'value': 34}]"
2020-06-08,South East,38,4.2000000000000001776,605,42,"[{'age': '65_to_84', 'rate': 361.5, 'value': 5329}, {'age': '18_to_64', 'rate': 80.1, 'value': 4201}, {'age': '85+', 'rate': 1234.8, 'value': 3066}, {'age': '0_to_5', 'rate': 10.2, 'value': 63}, {'age': '6_to_17', 'rate': 2.7, 'value': 34}]"
2020-06-07,South East,43,4.4000000000000003553,604,42,"[{'age': '65_to_84', 'rate': 360.6, 'value': 5315}, {'age': '18_to_64', 'rate': 80.0, 'value': 4193}, {'age': '85+', 'rate': 1228.4, 'value': 3050}, {'age': '0_to_5', 'rate': 10.2, 'value': 63}, {'age': '6_to_17', 'rate': 2.7, 'value': 34}]"
2020-06-06,South East,49,4.4000000000000003553,634,45,"[{'age': '65_to_84', 'rate': 359.5, 'value': 5299}, {'age': '18_to_64', 'rate': 79.8, 'value': 4184}, {'age': '85+', 'rate': 1221.1, 'value': 3032}, {'age': '0_to_5', 'rate': 10.2, 'value': 63}, {'age': '6_to_17', 'rate': 2.7, 'value': 34}]"
2020-06-05,South East,42,4.7000000000000001776,648,46,"[{'age': '65_to_84', 'rate': 358.0, 'value': 5277}, {'age': '18_to_64', 'rate': 79.6, 'value': 4173}, {'age': '85+', 'rate': 1215.1, 'value': 3017}, {'age': '0_to_5', 'rate': 10.2, 'value': 63}, {'age': '6_to_17', 'rate': 2.6, 'value': 33}]"
2020-06-04,South East,56,4.9000000000000003553,671,48,"[{'age': '65_to_84', 'rate': 356.9, 'value': 5261}, {'age': '18_to_64', 'rate': 79.3, 'value': 4156}, {'age': '85+', 'rate': 1211.5, 'value': 3008}, {'age': '0_to_5', 'rate': 10.2, 'value': 63}, {'age': '6_to_17', 'rate': 2.6, 'value': 33}]"
2020-06-03,South East,57,5.2000000000000001776,689,52,"[{'age': '65_to_84', 'rate': 355.2, 'value': 5236}, {'age': '18_to_64', 'rate': 79.0, 'value': 4140}, {'age': '85+', 'rate': 1206.2, 'value': 2995}, {'age': '0_to_5', 'rate': 10.1, 'value': 62}, {'age': '6_to_17', 'rate': 2.5, 'value': 32}]"
2020-06-02,South East,83,5.4000000000000003553,701,59,"[{'age': '65_to_84', 'rate': 353.9, 'value': 5216}, {'age': '18_to_64', 'rate': 78.5, 'value': 4118}, {'age': '85+', 'rate': 1201.0, 'value': 2982}, {'age': '0_to_5', 'rate': 9.9, 'value': 61}, {'age': '6_to_17', 'rate': 2.4, 'value': 31}]"
2020-06-01,South East,56,5.2999999999999998224,720,64,"[{'age': '65_to_84', 'rate': 351.4, 'value': 5180}, {'age': '18_to_64', 'rate': 78.2, 'value': 4099}, {'age': '85+', 'rate': 1190.1, 'value': 2955}, {'age': '0_to_5', 'rate': 9.7, 'value': 60}, {'age': '6_to_17', 'rate': 2.4, 'value': 31}]"
2020-05-31,South East,46,5.5999999999999996447,700,70,"[{'age': '65_to_84', 'rate': 349.5, 'value': 5151}, {'age': '18_to_64', 'rate': 77.9, 'value': 4083}, {'age': '85+', 'rate': 1185.7, 'value': 2944}, {'age': '0_to_5', 'rate': 9.7, 'value': 60}, {'age': '6_to_17', 'rate': 2.4, 'value': 31}]"
2020-05-30,South East,74,5.9000000000000003553,694,72,"[{'age': '65_to_84', 'rate': 347.9, 'value': 5128}, {'age': '18_to_64', 'rate': 77.6, 'value': 4070}, {'age': '85+', 'rate': 1181.7, 'value': 2934}, {'age': '0_to_5', 'rate': 9.7, 'value': 60}, {'age': '6_to_17', 'rate': 2.4, 'value': 31}]"
2020-05-29,South East,65,5.7000000000000001776,753,73,"[{'age': '65_to_84', 'rate': 345.2, 'value': 5088}, {'age': '18_to_64', 'rate': 77.4, 'value': 4058}, {'age': '85+', 'rate': 1172.8, 'value': 2912}, {'age': '0_to_5', 'rate': 9.7, 'value': 60}, {'age': '6_to_17', 'rate': 2.4, 'value': 31}]"
2020-05-28,South East,79,5.9000000000000003553,765,81,"[{'age': '65_to_84', 'rate': 343.4, 'value': 5061}, {'age': '18_to_64', 'rate': 77.1, 'value': 4041}, {'age': '85+', 'rate': 1164.7, 'value': 2892}, {'age': '0_to_5', 'rate': 9.7, 'value': 60}, {'age': '6_to_17', 'rate': 2.4, 'value': 30}]"
2020-05-27,South East,72,6,821,84,"[{'age': '65_to_84', 'rate': 340.7, 'value': 5022}, {'age': '18_to_64', 'rate': 76.6, 'value': 4018}, {'age': '85+', 'rate': 1157.9, 'value': 2875}, {'age': '0_to_5', 'rate': 9.7, 'value': 60}, {'age': '6_to_17', 'rate': 2.4, 'value': 30}]"
2020-05-26,South East,74,6.4000000000000003553,851,86,"[{'age': '65_to_84', 'rate': 339.1, 'value': 4999}, {'age': '18_to_64', 'rate': 76.2, 'value': 3996}, {'age': '85+', 'rate': 1147.0, 'value': 2848}, {'age': '0_to_5', 'rate': 9.7, 'value': 60}, {'age': '6_to_17', 'rate': 2.4, 'value': 30}]"
2020-05-25,South East,82,6.5999999999999996447,826,88,"[{'age': '65_to_84', 'rate': 337.1, 'value': 4969}, {'age': '18_to_64', 'rate': 75.8, 'value': 3974}, {'age': '85+', 'rate': 1139.0, 'value': 2828}, {'age': '0_to_5', 'rate': 9.4, 'value': 58}, {'age': '6_to_17', 'rate': 2.4, 'value': 30}]"
2020-05-24,South East,78,6.9000000000000003553,880,95,"[{'age': '65_to_84', 'rate': 334.5, 'value': 4931}, {'age': '18_to_64', 'rate': 75.3, 'value': 3948}, {'age': '85+', 'rate': 1132.1, 'value': 2811}, {'age': '0_to_5', 'rate': 9.2, 'value': 57}, {'age': '6_to_17', 'rate': 2.4, 'value': 30}]"
2020-05-23,South East,59,7.0999999999999996447,851,89,"[{'age': '65_to_84', 'rate': 332.4, 'value': 4899}, {'age': '18_to_64', 'rate': 74.9, 'value': 3925}, {'age': '85+', 'rate': 1122.9, 'value': 2788}, {'age': '0_to_5', 'rate': 9.2, 'value': 57}, {'age': '6_to_17', 'rate': 2.4, 'value': 30}]"
2020-05-22,South East,78,7.2000000000000001776,924,97,"[{'age': '65_to_84', 'rate': 330.5, 'value': 4871}, {'age': '18_to_64', 'rate': 74.6, 'value': 3913}, {'age': '85+', 'rate': 1115.2, 'value': 2769}, {'age': '0_to_5', 'rate': 9.2, 'value': 57}, {'age': '6_to_17', 'rate': 2.4, 'value': 30}]"
2020-05-21,South East,88,7.2999999999999998224,907,99,"[{'age': '65_to_84', 'rate': 328.0, 'value': 4834}, {'age': '18_to_64', 'rate': 74.2, 'value': 3891}, {'age': '85+', 'rate': 1108.0, 'value': 2751}, {'age': '0_to_5', 'rate': 9.2, 'value': 57}, {'age': '6_to_17', 'rate': 2.3, 'value': 29}]"
2020-05-20,South East,107,7.5999999999999996447,903,104,"[{'age': '65_to_84', 'rate': 325.0, 'value': 4790}, {'age': '18_to_64', 'rate': 73.8, 'value': 3871}, {'age': '85+', 'rate': 1099.1, 'value': 2729}, {'age': '0_to_5', 'rate': 9.1, 'value': 56}, {'age': '6_to_17', 'rate': 2.2, 'value': 28}]"
2020-05-19,South East,96,7.5,940,110,"[{'age': '65_to_84', 'rate': 321.6, 'value': 4740}, {'age': '18_to_64', 'rate': 73.3, 'value': 3844}, {'age': '85+', 'rate': 1087.0, 'value': 2699}, {'age': '0_to_5', 'rate': 9.1, 'value': 56}, {'age': '6_to_17', 'rate': 2.2, 'value': 28}]"
2020-05-18,South East,104,7.5999999999999996447,959,117,"[{'age': '65_to_84', 'rate': 318.0, 'value': 4688}, {'age': '18_to_64', 'rate': 72.9, 'value': 3821}, {'age': '85+', 'rate': 1078.6, 'value': 2678}, {'age': '0_to_5', 'rate': 9.1, 'value': 56}, {'age': '6_to_17', 'rate': 2.2, 'value': 28}]"
2020-05-17,South East,94,7.7000000000000001776,966,118,"[{'age': '65_to_84', 'rate': 315.0, 'value': 4643}, {'age': '18_to_64', 'rate': 72.3, 'value': 3789}, {'age': '85+', 'rate': 1067.7, 'value': 2651}, {'age': '0_to_5', 'rate': 9.1, 'value': 56}, {'age': '6_to_17', 'rate': 2.2, 'value': 28}]"
2020-05-16,South East,71,8.1999999999999992895,982,130,"[{'age': '65_to_84', 'rate': 312.7, 'value': 4609}, {'age': '18_to_64', 'rate': 71.7, 'value': 3759}, {'age': '85+', 'rate': 1055.6, 'value': 2621}, {'age': '0_to_5', 'rate': 9.1, 'value': 56}, {'age': '6_to_17', 'rate': 2.2, 'value': 28}]"
2020-05-15,South East,85,8.5,1073,133,"[{'age': '65_to_84', 'rate': 310.0, 'value': 4569}, {'age': '18_to_64', 'rate': 71.4, 'value': 3743}, {'age': '85+', 'rate': 1049.6, 'value': 2606}, {'age': '0_to_5', 'rate': 9.1, 'value': 56}, {'age': '6_to_17', 'rate': 2.2, 'value': 28}]"
2020-05-14,South East,113,8.5999999999999996447,1092,150,"[{'age': '65_to_84', 'rate': 307.5, 'value': 4532}, {'age': '18_to_64', 'rate': 70.9, 'value': 3718}, {'age': '85+', 'rate': 1040.3, 'value': 2583}, {'age': '0_to_5', 'rate': 9.1, 'value': 56}, {'age': '6_to_17', 'rate': 2.2, 'value': 28}]"
2020-05-13,South East,99,8.5,1126,148,"[{'age': '65_to_84', 'rate': 304.1, 'value': 4482}, {'age': '18_to_64', 'rate': 70.3, 'value': 3684}, {'age': '85+', 'rate': 1028.6, 'value': 2554}, {'age': '0_to_5', 'rate': 9.1, 'value': 56}, {'age': '6_to_17', 'rate': 2.2, 'value': 28}]"
2020-05-12,South East,109,8.8000000000000007105,1168,153,"[{'age': '65_to_84', 'rate': 301.3, 'value': 4441}, {'age': '18_to_64', 'rate': 69.7, 'value': 3654}, {'age': '85+', 'rate': 1017.7, 'value': 2527}, {'age': '0_to_5', 'rate': 8.9, 'value': 55}, {'age': '6_to_17', 'rate': 2.2, 'value': 28}]"
2020-05-11,South East,113,8.9000000000000003553,1196,163,"[{'age': '65_to_84', 'rate': 298.4, 'value': 4398}, {'age': '18_to_64', 'rate': 69.0, 'value': 3618}, {'age': '85+', 'rate': 1006.1, 'value': 2498}, {'age': '0_to_5', 'rate': 8.8, 'value': 54}, {'age': '6_to_17', 'rate': 2.2, 'value': 28}]"
2020-05-10,South East,139,8.9000000000000003553,1181,175,"[{'age': '65_to_84', 'rate': 295.7, 'value': 4358}, {'age': '18_to_64', 'rate': 68.3, 'value': 3580}, {'age': '85+', 'rate': 992.4, 'value': 2464}, {'age': '0_to_5', 'rate': 8.6, 'value': 53}, {'age': '6_to_17', 'rate': 2.2, 'value': 28}]"
2020-05-09,South East,96,8.9000000000000003553,1206,171,"[{'age': '65_to_84', 'rate': 292.4, 'value': 4310}, {'age': '18_to_64', 'rate': 67.4, 'value': 3533}, {'age': '85+', 'rate': 975.5, 'value': 2422}, {'age': '0_to_5', 'rate': 8.4, 'value': 52}, {'age': '6_to_17', 'rate': 2.1, 'value': 27}]"
2020-05-08,South East,91,9.4000000000000003553,1279,185,"[{'age': '65_to_84', 'rate': 289.8, 'value': 4271}, {'age': '18_to_64', 'rate': 66.8, 'value': 3502}, {'age': '85+', 'rate': 965.0, 'value': 2396}, {'age': '0_to_5', 'rate': 8.4, 'value': 52}, {'age': '6_to_17', 'rate': 2.1, 'value': 27}]"
2020-05-07,South East,107,10.199999999999999289,1351,185,"[{'age': '65_to_84', 'rate': 287.5, 'value': 4237}, {'age': '18_to_64', 'rate': 66.2, 'value': 3469}, {'age': '85+', 'rate': 955.3, 'value': 2372}, {'age': '0_to_5', 'rate': 8.4, 'value': 52}, {'age': '6_to_17', 'rate': 2.1, 'value': 27}]"
2020-05-06,South East,127,10.800000000000000711,1421,195,"[{'age': '65_to_84', 'rate': 284.6, 'value': 4195}, {'age': '18_to_64', 'rate': 65.5, 'value': 3434}, {'age': '85+', 'rate': 943.2, 'value': 2342}, {'age': '0_to_5', 'rate': 8.4, 'value': 52}, {'age': '6_to_17', 'rate': 2.1, 'value': 27}]"
2020-05-05,South East,111,11.599999999999999645,1499,209,"[{'age': '65_to_84', 'rate': 281.0, 'value': 4142}, {'age': '18_to_64', 'rate': 64.7, 'value': 3395}, {'age': '85+', 'rate': 929.1, 'value': 2307}, {'age': '0_to_5', 'rate': 8.4, 'value': 52}, {'age': '6_to_17', 'rate': 2.1, 'value': 27}]"
2020-05-04,South East,121,12.099999999999999645,1553,223,"[{'age': '65_to_84', 'rate': 277.8, 'value': 4095}, {'age': '18_to_64', 'rate': 64.0, 'value': 3355}, {'age': '85+', 'rate': 919.5, 'value': 2283}, {'age': '0_to_5', 'rate': 8.4, 'value': 52}, {'age': '6_to_17', 'rate': 2.1, 'value': 27}]"
2020-05-03,South East,137,12.900000000000000355,1523,226,"[{'age': '65_to_84', 'rate': 274.7, 'value': 4049}, {'age': '18_to_64', 'rate': 63.2, 'value': 3315}, {'age': '85+', 'rate': 905.4, 'value': 2248}, {'age': '0_to_5', 'rate': 8.4, 'value': 52}, {'age': '6_to_17', 'rate': 2.1, 'value': 27}]"
2020-05-02,South East,142,13.400000000000000355,1544,227,"[{'age': '65_to_84', 'rate': 271.0, 'value': 3994}, {'age': '18_to_64', 'rate': 62.5, 'value': 3275}, {'age': '85+', 'rate': 888.9, 'value': 2207}, {'age': '0_to_5', 'rate': 8.4, 'value': 52}, {'age': '6_to_17', 'rate': 2.0, 'value': 26}]"
2020-05-01,South East,154,13.699999999999999289,1648,246,"[{'age': '65_to_84', 'rate': 266.6, 'value': 3929}, {'age': '18_to_64', 'rate': 61.6, 'value': 3229}, {'age': '85+', 'rate': 876.8, 'value': 2177}, {'age': '0_to_5', 'rate': 8.3, 'value': 51}, {'age': '6_to_17', 'rate': 2.0, 'value': 26}]"
2020-04-30,South East,164,14.699999999999999289,1655,254,"[{'age': '65_to_84', 'rate': 262.8, 'value': 3874}, {'age': '18_to_64', 'rate': 60.6, 'value': 3176}, {'age': '85+', 'rate': 859.1, 'value': 2133}, {'age': '0_to_5', 'rate': 8.0, 'value': 49}, {'age': '6_to_17', 'rate': 2.0, 'value': 26}]"
2020-04-29,South East,196,14.800000000000000711,1657,253,"[{'age': '65_to_84', 'rate': 258.8, 'value': 3814}, {'age': '18_to_64', 'rate': 59.3, 'value': 3108}, {'age': '85+', 'rate': 845.0, 'value': 2098}, {'age': '0_to_5', 'rate': 8.0, 'value': 49}, {'age': '6_to_17', 'rate': 2.0, 'value': 25}]"
2020-04-28,South East,153,14.900000000000000355,1791,273,"[{'age': '65_to_84', 'rate': 253.3, 'value': 3734}, {'age': '18_to_64', 'rate': 58.1, 'value': 3048}, {'age': '85+', 'rate': 822.8, 'value': 2043}, {'age': '0_to_5', 'rate': 8.0, 'value': 49}, {'age': '6_to_17', 'rate': 1.9, 'value': 24}]"
2020-04-27,South East,199,15.400000000000000355,1831,279,"[{'age': '65_to_84', 'rate': 249.1, 'value': 3672}, {'age': '18_to_64', 'rate': 57.0, 'value': 2987}, {'age': '85+', 'rate': 811.1, 'value': 2014}, {'age': '0_to_5', 'rate': 7.8, 'value': 48}, {'age': '6_to_17', 'rate': 1.9, 'value': 24}]"
2020-04-26,South East,182,15.699999999999999289,1775,273,"[{'age': '65_to_84', 'rate': 243.8, 'value': 3594}, {'age': '18_to_64', 'rate': 55.5, 'value': 2910}, {'age': '85+', 'rate': 794.2, 'value': 1972}, {'age': '0_to_5', 'rate': 7.5, 'value': 46}, {'age': '6_to_17', 'rate': 1.9, 'value': 24}]"
2020-04-25,South East,168,15.900000000000000355,1849,298,"[{'age': '65_to_84', 'rate': 238.7, 'value': 3519}, {'age': '18_to_64', 'rate': 54.2, 'value': 2842}, {'age': '85+', 'rate': 779.7, 'value': 1936}, {'age': '0_to_5', 'rate': 7.1, 'value': 44}, {'age': '6_to_17', 'rate': 1.8, 'value': 23}]"
2020-04-24,South East,235,16.100000000000001421,1909,311,"[{'age': '65_to_84', 'rate': 234.1, 'value': 3451}, {'age': '18_to_64', 'rate': 53.2, 'value': 2788}, {'age': '85+', 'rate': 761.6, 'value': 1891}, {'age': '0_to_5', 'rate': 7.0, 'value': 43}, {'age': '6_to_17', 'rate': 1.8, 'value': 23}]"
2020-04-23,South East,181,16.300000000000000711,2034,324,"[{'age': '65_to_84', 'rate': 227.5, 'value': 3354}, {'age': '18_to_64', 'rate': 52.0, 'value': 2726}, {'age': '85+', 'rate': 732.2, 'value': 1818}, {'age': '0_to_5', 'rate': 6.5, 'value': 40}, {'age': '6_to_17', 'rate': 1.8, 'value': 23}]"
2020-04-22,South East,202,18,2164,340,"[{'age': '65_to_84', 'rate': 223.2, 'value': 3290}, {'age': '18_to_64', 'rate': 50.8, 'value': 2662}, {'age': '85+', 'rate': 710.8, 'value': 1765}, {'age': '0_to_5', 'rate': 6.5, 'value': 40}, {'age': '6_to_17', 'rate': 1.8, 'value': 23}]"
2020-04-21,South East,198,18.300000000000000711,2185,334,"[{'age': '65_to_84', 'rate': 217.8, 'value': 3210}, {'age': '18_to_64', 'rate': 49.1, 'value': 2577}, {'age': '85+', 'rate': 696.3, 'value': 1729}, {'age': '0_to_5', 'rate': 6.5, 'value': 40}, {'age': '6_to_17', 'rate': 1.8, 'value': 23}]"
2020-04-20,South East,227,18.100000000000001421,2261,335,"[{'age': '65_to_84', 'rate': 212.6, 'value': 3133}, {'age': '18_to_64', 'rate': 47.8, 'value': 2505}, {'age': '85+', 'rate': 677.0, 'value': 1681}, {'age': '0_to_5', 'rate': 6.5, 'value': 40}, {'age': '6_to_17', 'rate': 1.7000000000000002, 'value': 22}]"
2020-04-19,South East,199,18.100000000000001421,2278,340,"[{'age': '65_to_84', 'rate': 206.7, 'value': 3046}, {'age': '18_to_64', 'rate': 46.0, 'value': 2410}, {'age': '85+', 'rate': 659.3, 'value': 1637}, {'age': '0_to_5', 'rate': 6.3, 'value': 39}, {'age': '6_to_17', 'rate': 1.7000000000000002, 'value': 22}]"
2020-04-18,South East,180,18.5,2250,350,"[{'age': '65_to_84', 'rate': 200.5, 'value': 2955}, {'age': '18_to_64', 'rate': 44.6, 'value': 2340}, {'age': '85+', 'rate': 644.4, 'value': 1600}, {'age': '0_to_5', 'rate': 6.2, 'value': 38}, {'age': '6_to_17', 'rate': 1.7000000000000002, 'value': 22}]"
2020-04-17,South East,260,19.100000000000001421,2205,350,"[{'age': '65_to_84', 'rate': 195.6, 'value': 2883}, {'age': '18_to_64', 'rate': 43.4, 'value': 2278}, {'age': '85+', 'rate': 627.1, 'value': 1557}, {'age': '0_to_5', 'rate': 5.7, 'value': 35}, {'age': '6_to_17', 'rate': 1.7000000000000002, 'value': 22}]"
2020-04-16,South East,326,19.199999999999999289,2245,345,"[{'age': '65_to_84', 'rate': 190.0, 'value': 2800}, {'age': '18_to_64', 'rate': 41.4, 'value': 2171}, {'age': '85+', 'rate': 600.1, 'value': 1490}, {'age': '0_to_5', 'rate': 5.4, 'value': 33}, {'age': '6_to_17', 'rate': 1.7000000000000002, 'value': 21}]"
2020-04-15,South East,228,18.699999999999999289,2262,355,"[{'age': '65_to_84', 'rate': 181.3, 'value': 2673}, {'age': '18_to_64', 'rate': 39.2, 'value': 2054}, {'age': '85+', 'rate': 568.7, 'value': 1412}, {'age': '0_to_5', 'rate': 5.0, 'value': 31}, {'age': '6_to_17', 'rate': 1.5, 'value': 19}]"
2020-04-14,South East,185,19,2347,342,"[{'age': '65_to_84', 'rate': 175.3, 'value': 2584}, {'age': '18_to_64', 'rate': 37.4, 'value': 1963}, {'age': '85+', 'rate': 549.7, 'value': 1365}, {'age': '0_to_5', 'rate': 4.9, 'value': 30}, {'age': '6_to_17', 'rate': 1.5, 'value': 19}]"
2020-04-13,South East,227,20.899999999999998579,2346,342,"[{'age': '65_to_84', 'rate': 170.9, 'value': 2519}, {'age': '18_to_64', 'rate': 35.8, 'value': 1879}, {'age': '85+', 'rate': 535.3, 'value': 1329}, {'age': '0_to_5', 'rate': 4.9, 'value': 30}, {'age': '6_to_17', 'rate': 1.5, 'value': 19}]"
2020-04-12,South East,228,22,2342,353,"[{'age': '65_to_84', 'rate': 164.4, 'value': 2423}, {'age': '18_to_64', 'rate': 34.4, 'value': 1803}, {'age': '85+', 'rate': 513.5, 'value': 1275}, {'age': '0_to_5', 'rate': 4.7, 'value': 29}, {'age': '6_to_17', 'rate': 1.5, 'value': 19}]"
2020-04-11,South East,235,22.5,2285,350,"[{'age': '65_to_84', 'rate': 158.2, 'value': 2332}, {'age': '18_to_64', 'rate': 32.9, 'value': 1727}, {'age': '85+', 'rate': 490.9, 'value': 1219}, {'age': '0_to_5', 'rate': 4.2, 'value': 26}, {'age': '6_to_17', 'rate': 1.3, 'value': 17}]"
2020-04-10,South East,269,23.800000000000000711,2297,338,"[{'age': '65_to_84', 'rate': 151.7, 'value': 2236}, {'age': '18_to_64', 'rate': 31.2, 'value': 1634}, {'age': '85+', 'rate': 474.0, 'value': 1177}, {'age': '0_to_5', 'rate': 3.7, 'value': 23}, {'age': '6_to_17', 'rate': 1.3, 'value': 16}]"
2020-04-09,South East,286,24.5,2174,284,"[{'age': '65_to_84', 'rate': 143.8, 'value': 2119}, {'age': '18_to_64', 'rate': 29.4, 'value': 1543}, {'age': '85+', 'rate': 450.7, 'value': 1119}, {'age': '0_to_5', 'rate': 3.6, 'value': 22}, {'age': '6_to_17', 'rate': 1.1, 'value': 14}]"
2020-04-08,South East,249,24.899999999999998579,2290,302,"[{'age': '65_to_84', 'rate': 135.6, 'value': 1998}, {'age': '18_to_64', 'rate': 27.5, 'value': 1443}, {'age': '85+', 'rate': 424.5, 'value': 1054}, {'age': '0_to_5', 'rate': 3.6, 'value': 22}, {'age': '6_to_17', 'rate': 1.1, 'value': 14}]"
2020-04-07,South East,353,25.600000000000001421,2280,310,"[{'age': '65_to_84', 'rate': 128.2, 'value': 1890}, {'age': '18_to_64', 'rate': 25.8, 'value': 1354}, {'age': '85+', 'rate': 404.0, 'value': 1003}, {'age': '0_to_5', 'rate': 3.6, 'value': 22}, {'age': '6_to_17', 'rate': 1.1, 'value': 14}]"
2020-04-06,South East,326,24.899999999999998579,2055,248,"[{'age': '65_to_84', 'rate': 118.2, 'value': 1742}, {'age': '18_to_64', 'rate': 23.6, 'value': 1238}, {'age': '85+', 'rate': 369.7, 'value': 918}, {'age': '0_to_5', 'rate': 3.2, 'value': 20}, {'age': '6_to_17', 'rate': 1.1, 'value': 14}]"
2020-04-05,South East,277,24.800000000000000711,2037,256,"[{'age': '65_to_84', 'rate': 109.6, 'value': 1615}, {'age': '18_to_64', 'rate': 21.5, 'value': 1128}, {'age': '85+', 'rate': 337.1, 'value': 837}, {'age': '0_to_5', 'rate': 2.8, 'value': 17}, {'age': '6_to_17', 'rate': 0.8, 'value': 10}]"
2020-04-04,South East,348,24.800000000000000711,1848,226,"[{'age': '65_to_84', 'rate': 102.0, 'value': 1503}, {'age': '18_to_64', 'rate': 19.5, 'value': 1023}, {'age': '85+', 'rate': 314.1, 'value': 780}, {'age': '0_to_5', 'rate': 2.6, 'value': 16}, {'age': '6_to_17', 'rate': 0.7000000000000001, 'value': 9}]"
2020-04-03,South East,332,23.600000000000001421,1683,188,"[{'age': '65_to_84', 'rate': 90.7, 'value': 1337}, {'age': '18_to_64', 'rate': 17.5, 'value': 916}, {'age': '85+', 'rate': 284.7, 'value': 707}, {'age': '0_to_5', 'rate': 2.6, 'value': 16}, {'age': '6_to_17', 'rate': 0.6000000000000001, 'value': 8}]"
2020-04-02,South East,322,22.5,1715,157,"[{'age': '65_to_84', 'rate': 81.2, 'value': 1197}, {'age': '18_to_64', 'rate': 15.5, 'value': 811}, {'age': '85+', 'rate': 261.0, 'value': 648}, {'age': '0_to_5', 'rate': 2.4, 'value': 15}, {'age': '6_to_17', 'rate': 0.6000000000000001, 'value': 7}]"
2020-04-01,South East,304,20.399999999999998579,1461,,"[{'age': '65_to_84', 'rate': 73.7, 'value': 1087}, {'age': '18_to_64', 'rate': 13.5, 'value': 709}, {'age': '85+', 'rate': 229.2, 'value': 569}, {'age': '0_to_5', 'rate': 1.9, 'value': 12}, {'age': '6_to_17', 'rate': 0.5, 'value': 6}]"
2020-03-31,South East,295,18.600000000000001421,1535,,"[{'age': '65_to_84', 'rate': 64.9, 'value': 957}, {'age': '18_to_64', 'rate': 11.7, 'value': 614}, {'age': '85+', 'rate': 206.6, 'value': 513}, {'age': '0_to_5', 'rate': 1.6, 'value': 10}, {'age': '6_to_17', 'rate': 0.5, 'value': 6}]"
2020-03-30,South East,317,16.600000000000001421,1284,,"[{'age': '65_to_84', 'rate': 56.5, 'value': 833}, {'age': '18_to_64', 'rate': 10.3, 'value': 541}, {'age': '85+', 'rate': 176.0, 'value': 437}, {'age': '0_to_5', 'rate': 1.6, 'value': 10}, {'age': '6_to_17', 'rate': 0.5, 'value': 6}]"
2020-03-29,South East,273,14.300000000000000711,1076,,"[{'age': '65_to_84', 'rate': 47.1, 'value': 694}, {'age': '18_to_64', 'rate': 8.9, 'value': 465}, {'age': '85+', 'rate': 148.2, 'value': 368}, {'age': '0_to_5', 'rate': 1.5, 'value': 9}, {'age': '6_to_17', 'rate': 0.5, 'value': 6}]"
2020-03-28,South East,250,12.300000000000000711,861,,"[{'age': '65_to_84', 'rate': 39.2, 'value': 578}, {'age': '18_to_64', 'rate': 7.5, 'value': 393}, {'age': '85+', 'rate': 123.2, 'value': 306}, {'age': '0_to_5', 'rate': 1.3, 'value': 8}, {'age': '6_to_17', 'rate': 0.5, 'value': 6}]"
2020-03-27,South East,230,10.5,800,,"[{'age': '65_to_84', 'rate': 32.2, 'value': 474}, {'age': '18_to_64', 'rate': 6.1, 'value': 320}, {'age': '85+', 'rate': 101.9, 'value': 253}, {'age': '0_to_5', 'rate': 1.1, 'value': 7}, {'age': '6_to_17', 'rate': 0.2, 'value': 3}]"
2020-03-26,South East,138,8.9000000000000003553,654,,"[{'age': '65_to_84', 'rate': 24.7, 'value': 364}, {'age': '18_to_64', 'rate': 4.9, 'value': 255}, {'age': '85+', 'rate': 83.0, 'value': 206}, {'age': '0_to_5', 'rate': 0.8, 'value': 5}, {'age': '6_to_17', 'rate': 0.2, 'value': 3}]"
2020-03-25,South East,141,8.5,610,,"[{'age': '65_to_84', 'rate': 21.0, 'value': 310}, {'age': '18_to_64', 'rate': 4.3, 'value': 226}, {'age': '85+', 'rate': 66.9, 'value': 166}, {'age': '0_to_5', 'rate': 0.6000000000000001, 'value': 4}, {'age': '6_to_17', 'rate': 0.2, 'value': 3}]"
2020-03-24,South East,123,0,506,,"[{'age': '65_to_84', 'rate': 17.0, 'value': 250}, {'age': '18_to_64', 'rate': 3.5, 'value': 185}, {'age': '85+', 'rate': 52.8, 'value': 131}, {'age': '0_to_5', 'rate': 0.6000000000000001, 'value': 4}, {'age': '6_to_17', 'rate': 0.2, 'value': 2}]"
2020-03-23,South East,114,0,480,,"[{'age': '65_to_84', 'rate': 12.8, 'value': 189}, {'age': '18_to_64', 'rate': 3.0, 'value': 156}, {'age': '85+', 'rate': 39.9, 'value': 99}, {'age': '0_to_5', 'rate': 0.6000000000000001, 'value': 4}, {'age': '6_to_17', 'rate': 0.2, 'value': 2}]"
2020-03-22,South East,94,0,439,,"[{'age': '65_to_84', 'rate': 9.8, 'value': 145}, {'age': '18_to_64', 'rate': 2.3, 'value': 118}, {'age': '85+', 'rate': 29.0, 'value': 72}, {'age': '0_to_5', 'rate': 0.5, 'value': 3}, {'age': '6_to_17', 'rate': 0.1, 'value': 1}]"
2020-03-21,South East,91,0,332,,"[{'age': '65_to_84', 'rate': 6.9, 'value': 101}, {'age': '18_to_64', 'rate': 1.7000000000000002, 'value': 87}, {'age': '85+', 'rate': 24.6, 'value': 61}, {'age': '0_to_5', 'rate': 0.2, 'value': 1}, {'age': '6_to_17', 'rate': 0.1, 'value': 1}]"
2020-03-20,South East,90,0,188,,"[{'age': '65_to_84', 'rate': 4.5, 'value': 66}, {'age': '18_to_64', 'rate': 1.0, 'value': 55}, {'age': '85+', 'rate': 19.3, 'value': 48}, {'age': '0_to_5', 'rate': 0.2, 'value': 1}, {'age': '6_to_17', 'rate': 0.1, 'value': 1}]"
2020-03-19,South East,103,0,,,"[{'age': '65_to_84', 'rate': 2.4, 'value': 35}, {'age': '18_to_64', 'rate': 0.5, 'value': 25}, {'age': '85+', 'rate': 12.9, 'value': 32}, {'age': '0_to_5', 'rate': 0.2, 'value': 1}, {'age': '6_to_17', 'rate': 0.1, 'value': 1}]"
